Workload_Name,Category,Aspect,M,N,K,Strategy,L3_Size_MB,Overfetch_Total,Overfetch_A,Overfetch_B,Overfetch_C,L3_Hit_Rate,L3_Utilization,DRAM_Reads_MB,Num_Evictions,Tensor_A_MB,Tensor_B_MB,Tensor_C_MB,Total_Tensor_MB
Small Square,Baseline,Square,512,512,512,WS,1,1.08333,1.125,1.125,1,0.807692,1,3,118,1,1,1,3
Small Square,Baseline,Square,512,512,512,WS,2,1.08333,1.125,1.125,1,0.807692,1,3,74,1,1,1,3
Small Square,Baseline,Square,512,512,512,WS,4,1.08333,1.125,1.125,1,0.807692,0.8125,3,0,1,1,1,3
Small Square,Baseline,Square,512,512,512,WS,16,1.08333,1.125,1.125,1,0.807692,0.203125,3,0,1,1,1,3
Small Square,Baseline,Square,512,512,512,WS,64,1.08333,1.125,1.125,1,0.807692,0.0507812,3,0,1,1,1,3
Small Square,Baseline,Square,512,512,512,WS,256,1.08333,1.125,1.125,1,0.807692,0.0126953,3,0,1,1,1,3
Small Square,Baseline,Square,512,512,512,WS,1024,1.08333,1.125,1.125,1,0.807692,0.00317383,3,0,1,1,1,3
Small Square,Baseline,Square,512,512,512,IS,1,1.08333,1.125,1.125,1,0.807692,1,3,118,1,1,1,3
Small Square,Baseline,Square,512,512,512,IS,2,1.08333,1.125,1.125,1,0.807692,1,3,74,1,1,1,3
Small Square,Baseline,Square,512,512,512,IS,4,1.08333,1.125,1.125,1,0.807692,0.8125,3,0,1,1,1,3
Small Square,Baseline,Square,512,512,512,IS,16,1.08333,1.125,1.125,1,0.807692,0.203125,3,0,1,1,1,3
Small Square,Baseline,Square,512,512,512,IS,64,1.08333,1.125,1.125,1,0.807692,0.0507812,3,0,1,1,1,3
Small Square,Baseline,Square,512,512,512,IS,256,1.08333,1.125,1.125,1,0.807692,0.0126953,3,0,1,1,1,3
Small Square,Baseline,Square,512,512,512,IS,1024,1.08333,1.125,1.125,1,0.807692,0.00317383,3,0,1,1,1,3
Small Square,Baseline,Square,512,512,512,OS,1,3.70833,1.125,9,1,0.403846,1,11,452,1,1,1,3
Small Square,Baseline,Square,512,512,512,OS,2,1.08333,1.125,1.125,1,0.807692,1,3,67,1,1,1,3
Small Square,Baseline,Square,512,512,512,OS,4,1.08333,1.125,1.125,1,0.807692,0.8125,3,0,1,1,1,3
Small Square,Baseline,Square,512,512,512,OS,16,1.08333,1.125,1.125,1,0.807692,0.203125,3,0,1,1,1,3
Small Square,Baseline,Square,512,512,512,OS,64,1.08333,1.125,1.125,1,0.807692,0.0507812,3,0,1,1,1,3
Small Square,Baseline,Square,512,512,512,OS,256,1.08333,1.125,1.125,1,0.807692,0.0126953,3,0,1,1,1,3
Small Square,Baseline,Square,512,512,512,OS,1024,1.08333,1.125,1.125,1,0.807692,0.00317383,3,0,1,1,1,3
Medium Square,Baseline,Square,2048,2048,2048,WS,1,1.50521,1.03125,2.48438,1,0.925694,1,72,3382,16,16,16,48
Medium Square,Baseline,Square,2048,2048,2048,WS,2,1.02083,1.03125,1.03125,1,0.947222,1,49,2347,16,16,16,48
Medium Square,Baseline,Square,2048,2048,2048,WS,4,1.02083,1.03125,1.03125,1,0.947222,1,49,2262,16,16,16,48
Medium Square,Baseline,Square,2048,2048,2048,WS,16,1.02083,1.03125,1.03125,1,0.947222,1,49,1750,16,16,16,48
Medium Square,Baseline,Square,2048,2048,2048,WS,64,1.02083,1.03125,1.03125,1,0.947222,0.765625,49,0,16,16,16,48
Medium Square,Baseline,Square,2048,2048,2048,WS,256,1.02083,1.03125,1.03125,1,0.947222,0.191406,49,0,16,16,16,48
Medium Square,Baseline,Square,2048,2048,2048,WS,1024,1.02083,1.03125,1.03125,1,0.947222,0.0478516,49,0,16,16,16,48
Medium Square,Baseline,Square,2048,2048,2048,IS,1,1.50521,2.48438,1.03125,1,0.925694,1,72,3382,16,16,16,48
Medium Square,Baseline,Square,2048,2048,2048,IS,2,1.02083,1.03125,1.03125,1,0.947222,1,49,2347,16,16,16,48
Medium Square,Baseline,Square,2048,2048,2048,IS,4,1.02083,1.03125,1.03125,1,0.947222,1,49,2262,16,16,16,48
Medium Square,Baseline,Square,2048,2048,2048,IS,16,1.02083,1.03125,1.03125,1,0.947222,1,49,1750,16,16,16,48
Medium Square,Baseline,Square,2048,2048,2048,IS,64,1.02083,1.03125,1.03125,1,0.947222,0.765625,49,0,16,16,16,48
Medium Square,Baseline,Square,2048,2048,2048,IS,256,1.02083,1.03125,1.03125,1,0.947222,0.191406,49,0,16,16,16,48
Medium Square,Baseline,Square,2048,2048,2048,IS,1024,1.02083,1.03125,1.03125,1,0.947222,0.0478516,49,0,16,16,16,48
Medium Square,Baseline,Square,2048,2048,2048,OS,1,22.3333,33,33,1,0,1,1072,46038,16,16,16,48
Medium Square,Baseline,Square,2048,2048,2048,OS,2,11.6771,1.03125,33,1,0.473611,1,560,24170,16,16,16,48
Medium Square,Baseline,Square,2048,2048,2048,OS,4,11.6771,1.03125,33,1,0.473611,1,560,24084,16,16,16,48
Medium Square,Baseline,Square,2048,2048,2048,OS,16,11.6771,1.03125,33,1,0.473611,1,560,23564,16,16,16,48
Medium Square,Baseline,Square,2048,2048,2048,OS,64,1.02083,1.03125,1.03125,1,0.947222,0.765625,49,0,16,16,16,48
Medium Square,Baseline,Square,2048,2048,2048,OS,256,1.02083,1.03125,1.03125,1,0.947222,0.191406,49,0,16,16,16,48
Medium Square,Baseline,Square,2048,2048,2048,OS,1024,1.02083,1.03125,1.03125,1,0.947222,0.0478516,49,0,16,16,16,48
Large Square,Baseline,Square,8192,8192,8192,WS,1,43.5868,1.00781,128.753,1,0.494179,1,33474,1433672,256,256,256,768
Large Square,Baseline,Square,8192,8192,8192,WS,2,43.5863,1.00781,128.751,1,0.494186,1,33474,1433611,256,256,256,768
Large Square,Baseline,Square,8192,8192,8192,WS,4,1.25293,1.00781,2.24707,0.503906,0.984544,1,962,43638,256,256,256,768
Large Square,Baseline,Square,8192,8192,8192,WS,16,0.756836,1.00781,0.758789,0.503906,0.99028,1,581,26870,256,256,256,768
Large Square,Baseline,Square,8192,8192,8192,WS,64,0.756836,1.00781,0.758789,0.503906,0.99028,1,581,24822,256,256,256,768
Large Square,Baseline,Square,8192,8192,8192,WS,256,0.756836,1.00781,0.758789,0.503906,0.99028,1,581,16630,256,256,256,768
Large Square,Baseline,Square,8192,8192,8192,WS,1024,0.67157,0.752014,0.758789,0.503906,0.991265,0.503677,515,0,256,256,256,768
Large Square,Baseline,Square,8192,8192,8192,IS,1,43.6693,129,1.00781,1,0.493226,1,33538,1436374,256,256,256,768
Large Square,Baseline,Square,8192,8192,8192,IS,2,43.6693,129,1.00781,1,0.493226,1,33538,1436331,256,256,256,768
Large Square,Baseline,Square,8192,8192,8192,IS,4,1.49614,2.49609,0.99234,1,0.980777,1,1149,54317,256,256,256,768
Large Square,Baseline,Square,8192,8192,8192,IS,16,0.923024,1.00781,0.761261,1,0.987402,1,708,35025,256,256,256,768
Large Square,Baseline,Square,8192,8192,8192,IS,64,0.922292,1.00781,0.759064,1,0.987411,1,708,32953,256,256,256,768
Large Square,Baseline,Square,8192,8192,8192,IS,256,0.756836,1.00781,0.758789,0.503906,0.99028,1,581,16630,256,256,256,768
Large Square,Baseline,Square,8192,8192,8192,IS,1024,0.67157,0.752014,0.758789,0.503906,0.991265,0.503677,515,0,256,256,256,768
Large Square,Baseline,Square,8192,8192,8192,OS,1,86.3333,129,129,1,0,1,66304,2834390,256,256,256,768
Large Square,Baseline,Square,8192,8192,8192,OS,2,86.2481,128.744,129,1,0.000985735,0.996094,66238,2831553,256,256,256,768
Large Square,Baseline,Square,8192,8192,8192,OS,4,86.2481,128.744,129,1,0.000985735,1,66238,2831468,256,256,256,768
Large Square,Baseline,Square,8192,8192,8192,OS,16,43.584,0.752014,129,1,0.494212,1,33472,1432938,256,256,256,768
Large Square,Baseline,Square,8192,8192,8192,OS,64,43.584,0.752014,129,1,0.494212,1,33472,1430882,256,256,256,768
Large Square,Baseline,Square,8192,8192,8192,OS,256,0.67157,0.752014,0.758789,0.503906,0.991265,1,515,13302,256,256,256,768
Large Square,Baseline,Square,8192,8192,8192,OS,1024,0.67157,0.752014,0.758789,0.503906,0.991265,0.503677,515,0,256,256,256,768
Tall: Long Context Q×K^T,Attention,Tall,32768,128,128,WS,1,1.06418,1.12665,1.125,1.00146,0.641394,0.999023,34,1422,16,0,16,32
Tall: Long Context Q×K^T,Attention,Tall,32768,128,128,WS,2,1.06418,1.12665,1.125,1.00146,0.641394,0.999512,34,1373,16,0,16,32
Tall: Long Context Q×K^T,Attention,Tall,32768,128,128,WS,4,1.06418,1.12665,1.125,1.00146,0.641394,1,34,1276,16,0,16,32
Tall: Long Context Q×K^T,Attention,Tall,32768,128,128,WS,16,1.06418,1.12665,1.125,1.00146,0.641394,0.999878,34,723,16,0,16,32
Tall: Long Context Q×K^T,Attention,Tall,32768,128,128,WS,64,1.06418,1.12665,1.125,1.00146,0.641394,0.533127,34,0,16,0,16,32
Tall: Long Context Q×K^T,Attention,Tall,32768,128,128,WS,256,1.06418,1.12665,1.125,1.00146,0.641394,0.133282,34,0,16,0,16,32
Tall: Long Context Q×K^T,Attention,Tall,32768,128,128,WS,1024,1.06418,1.12665,1.125,1.00146,0.641394,0.0333204,34,0,16,0,16,32
Tall: Long Context Q×K^T,Attention,Tall,32768,128,128,IS,1,1.6264,2.2533,1.125,1.00146,0.427109,0.996094,52,2301,16,0,16,32
Tall: Long Context Q×K^T,Attention,Tall,32768,128,128,IS,2,1.6264,2.2533,1.125,1.00146,0.427109,0.999512,52,2253,16,0,16,32
Tall: Long Context Q×K^T,Attention,Tall,32768,128,128,IS,4,1.6264,2.2533,1.125,1.00146,0.427109,0.998779,52,2155,16,0,16,32
Tall: Long Context Q×K^T,Attention,Tall,32768,128,128,IS,16,1.06418,1.12665,1.125,1.00146,0.641394,1,34,716,16,0,16,32
Tall: Long Context Q×K^T,Attention,Tall,32768,128,128,IS,64,1.06418,1.12665,1.125,1.00146,0.641394,0.533127,34,0,16,0,16,32
Tall: Long Context Q×K^T,Attention,Tall,32768,128,128,IS,256,1.06418,1.12665,1.125,1.00146,0.641394,0.133282,34,0,16,0,16,32
Tall: Long Context Q×K^T,Attention,Tall,32768,128,128,IS,1024,1.06418,1.12665,1.125,1.00146,0.641394,0.0333204,34,0,16,0,16,32
Tall: Long Context Q×K^T,Attention,Tall,32768,128,128,OS,1,1.06418,1.12665,1.125,1.00146,0.641394,1,34,1425,16,0,16,32
Tall: Long Context Q×K^T,Attention,Tall,32768,128,128,OS,2,1.06418,1.12665,1.125,1.00146,0.641394,0.999023,34,1382,16,0,16,32
Tall: Long Context Q×K^T,Attention,Tall,32768,128,128,OS,4,1.06418,1.12665,1.125,1.00146,0.641394,0.998535,34,1296,16,0,16,32
Tall: Long Context Q×K^T,Attention,Tall,32768,128,128,OS,16,1.06418,1.12665,1.125,1.00146,0.641394,0.999451,34,780,16,0,16,32
Tall: Long Context Q×K^T,Attention,Tall,32768,128,128,OS,64,1.06418,1.12665,1.125,1.00146,0.641394,0.533127,34,0,16,0,16,32
Tall: Long Context Q×K^T,Attention,Tall,32768,128,128,OS,256,1.06418,1.12665,1.125,1.00146,0.641394,0.133282,34,0,16,0,16,32
Tall: Long Context Q×K^T,Attention,Tall,32768,128,128,OS,1024,1.06418,1.12665,1.125,1.00146,0.641394,0.0333204,34,0,16,0,16,32
Tall: Batch Projection,Projection,Tall,16384,512,512,WS,1,1.02075,1.03629,1.03125,1.00488,0.893486,1,66,2829,32,1,32,65
Tall: Batch Projection,Projection,Tall,16384,512,512,WS,2,1.02075,1.03629,1.03125,1.00488,0.893486,0.999512,66,2781,32,1,32,65
Tall: Batch Projection,Projection,Tall,16384,512,512,WS,4,1.02075,1.03629,1.03125,1.00488,0.893486,1,66,2680,32,1,32,65
Tall: Batch Projection,Projection,Tall,16384,512,512,WS,16,1.02075,1.03629,1.03125,1.00488,0.893486,1,66,2081,32,1,32,65
Tall: Batch Projection,Projection,Tall,16384,512,512,WS,64,1.02075,1.03629,1.03125,1.00488,0.893486,0.999954,66,89,32,1,32,65
Tall: Batch Projection,Projection,Tall,16384,512,512,WS,256,1.02075,1.03629,1.03125,1.00488,0.893486,0.259174,66,0,32,1,32,65
Tall: Batch Projection,Projection,Tall,16384,512,512,WS,1024,1.02075,1.03629,1.03125,1.00488,0.893486,0.0647936,66,0,32,1,32,65
Tall: Batch Projection,Projection,Tall,16384,512,512,IS,1,4.59195,8.29028,1.03125,1.00488,0.475007,0.996094,298,14151,32,1,32,65
Tall: Batch Projection,Projection,Tall,16384,512,512,IS,2,4.59195,8.29028,1.03125,1.00488,0.475007,0.999512,298,14103,32,1,32,65
Tall: Batch Projection,Projection,Tall,16384,512,512,IS,4,1.3454,1.69574,1.03125,1.00488,0.855442,1,87,3712,32,1,32,65
Tall: Batch Projection,Projection,Tall,16384,512,512,IS,16,1.02075,1.03629,1.03125,1.00488,0.893486,1,66,2084,32,1,32,65
Tall: Batch Projection,Projection,Tall,16384,512,512,IS,64,1.02075,1.03629,1.03125,1.00488,0.893486,0.999954,66,86,32,1,32,65
Tall: Batch Projection,Projection,Tall,16384,512,512,IS,256,1.02075,1.03629,1.03125,1.00488,0.893486,0.259174,66,0,32,1,32,65
Tall: Batch Projection,Projection,Tall,16384,512,512,IS,1024,1.02075,1.03629,1.03125,1.00488,0.893486,0.0647936,66,0,32,1,32,65
Tall: Batch Projection,Projection,Tall,16384,512,512,OS,1,3.33709,1.03629,151.594,1.00488,0.418478,1,216,15659,32,1,32,65
Tall: Batch Projection,Projection,Tall,16384,512,512,OS,2,1.02075,1.03629,1.03125,1.00488,0.893486,0.997559,66,2752,32,1,32,65
Tall: Batch Projection,Projection,Tall,16384,512,512,OS,4,1.02075,1.03629,1.03125,1.00488,0.893486,0.999512,66,2666,32,1,32,65
Tall: Batch Projection,Projection,Tall,16384,512,512,OS,16,1.02075,1.03629,1.03125,1.00488,0.893486,0.999695,66,2153,32,1,32,65
Tall: Batch Projection,Projection,Tall,16384,512,512,OS,64,1.02075,1.03629,1.03125,1.00488,0.893486,0.999954,66,100,32,1,32,65
Tall: Batch Projection,Projection,Tall,16384,512,512,OS,256,1.02075,1.03629,1.03125,1.00488,0.893486,0.259174,66,0,32,1,32,65
Tall: Batch Projection,Projection,Tall,16384,512,512,OS,1024,1.02075,1.03629,1.03125,1.00488,0.893486,0.0647936,66,0,32,1,32,65
Tall: Extreme Batch,Projection,Tall,65536,256,256,WS,1,1.06418,1.12665,1.125,1.00146,0.806905,1,136,5834,64,0,64,128
Tall: Extreme Batch,Projection,Tall,65536,256,256,WS,2,1.06418,1.12665,1.125,1.00146,0.806905,1,136,5785,64,0,64,128
Tall: Extreme Batch,Projection,Tall,65536,256,256,WS,4,1.06418,1.12665,1.125,1.00146,0.806905,0.999756,136,5688,64,0,64,128
Tall: Extreme Batch,Projection,Tall,65536,256,256,WS,16,1.06418,1.12665,1.125,1.00146,0.806905,1,136,5101,64,0,64,128
Tall: Extreme Batch,Projection,Tall,65536,256,256,WS,64,1.06418,1.12665,1.125,1.00146,0.806905,1,136,2791,64,0,64,128
Tall: Extreme Batch,Projection,Tall,65536,256,256,WS,256,1.06418,1.12665,1.125,1.00146,0.806905,0.533127,136,0,64,0,64,128
Tall: Extreme Batch,Projection,Tall,65536,256,256,WS,1024,1.06418,1.12665,1.125,1.00146,0.806905,0.133282,136,0,64,0,64,128
Tall: Extreme Batch,Projection,Tall,65536,256,256,IS,1,2.75085,4.50659,1.125,1.00146,0.460751,0.996094,352,16383,64,0,64,128
Tall: Extreme Batch,Projection,Tall,65536,256,256,IS,2,2.75085,4.50659,1.125,1.00146,0.460751,0.999512,352,16335,64,0,64,128
Tall: Extreme Batch,Projection,Tall,65536,256,256,IS,4,2.75085,4.50659,1.125,1.00146,0.460751,0.998779,352,16237,64,0,64,128
Tall: Extreme Batch,Projection,Tall,65536,256,256,IS,16,1.34529,1.68997,1.125,1.00146,0.749212,1,172,6860,64,0,64,128
Tall: Extreme Batch,Projection,Tall,65536,256,256,IS,64,1.06418,1.12665,1.125,1.00146,0.806905,1,136,2780,64,0,64,128
Tall: Extreme Batch,Projection,Tall,65536,256,256,IS,256,1.06418,1.12665,1.125,1.00146,0.806905,0.533127,136,0,64,0,64,128
Tall: Extreme Batch,Projection,Tall,65536,256,256,IS,1024,1.06418,1.12665,1.125,1.00146,0.806905,0.133282,136,0,64,0,64,128
Tall: Extreme Batch,Projection,Tall,65536,256,256,OS,1,1.06418,1.12665,1.125,1.00146,0.806905,0.999023,136,5829,64,0,64,128
Tall: Extreme Batch,Projection,Tall,65536,256,256,OS,2,1.06418,1.12665,1.125,1.00146,0.806905,0.998535,136,5786,64,0,64,128
Tall: Extreme Batch,Projection,Tall,65536,256,256,OS,4,1.06418,1.12665,1.125,1.00146,0.806905,1,136,5700,64,0,64,128
Tall: Extreme Batch,Projection,Tall,65536,256,256,OS,16,1.06418,1.12665,1.125,1.00146,0.806905,0.998962,136,5184,64,0,64,128
Tall: Extreme Batch,Projection,Tall,65536,256,256,OS,64,1.06418,1.12665,1.125,1.00146,0.806905,0.999985,136,3119,64,0,64,128
Tall: Extreme Batch,Projection,Tall,65536,256,256,OS,256,1.06418,1.12665,1.125,1.00146,0.806905,0.533127,136,0,64,0,64,128
Tall: Extreme Batch,Projection,Tall,65536,256,256,OS,1024,1.06418,1.12665,1.125,1.00146,0.806905,0.133282,136,0,64,0,64,128
Wide: Vocab Projection,Projection,Wide,128,32768,4096,WS,1,7.86437,1.01172,8.10561,1.00146,0.49165,0.998047,4168,89347,2,512,16,530
Wide: Vocab Projection,Projection,Wide,128,32768,4096,WS,2,7.86437,1.01172,8.10561,1.00146,0.49165,0.998047,4168,89326,2,512,16,530
Wide: Vocab Projection,Projection,Wide,128,32768,4096,WS,4,7.86437,1.01172,8.10561,1.00146,0.49165,0.999756,4168,89284,2,512,16,530
Wide: Vocab Projection,Projection,Wide,128,32768,4096,WS,16,0.40648,1.01172,0.411411,0.173035,0.970973,0.999756,215,4761,2,512,16,530
Wide: Vocab Projection,Projection,Wide,128,32768,4096,WS,64,0.399528,1.01172,0.404215,0.173035,0.971411,0.999969,211,3620,2,512,16,530
Wide: Vocab Projection,Projection,Wide,128,32768,4096,WS,256,0.397632,0.509277,0.404215,0.173035,0.972247,0.823223,210,0,2,512,16,530
Wide: Vocab Projection,Projection,Wide,128,32768,4096,WS,1024,0.397632,0.509277,0.404215,0.173035,0.972247,0.205806,210,0,2,512,16,530
Wide: Vocab Projection,Projection,Wide,128,32768,4096,IS,1,1.01284,1.01172,1.0132,1.00146,0.923316,0.998047,536,13454,2,512,16,530
Wide: Vocab Projection,Projection,Wide,128,32768,4096,IS,2,0.987832,1.01172,1.0132,0.173035,0.934346,0.998047,523,11494,2,512,16,530
Wide: Vocab Projection,Projection,Wide,128,32768,4096,IS,4,0.987832,1.01172,1.0132,0.173035,0.934346,0.999756,523,11452,2,512,16,530
Wide: Vocab Projection,Projection,Wide,128,32768,4096,IS,16,0.399528,1.01172,0.404215,0.173035,0.971411,0.999756,211,4678,2,512,16,530
Wide: Vocab Projection,Projection,Wide,128,32768,4096,IS,64,0.399528,1.01172,0.404215,0.173035,0.971411,0.999969,211,3614,2,512,16,530
Wide: Vocab Projection,Projection,Wide,128,32768,4096,IS,256,0.397632,0.509277,0.404215,0.173035,0.972247,0.823223,210,0,2,512,16,530
Wide: Vocab Projection,Projection,Wide,128,32768,4096,IS,1024,0.397632,0.509277,0.404215,0.173035,0.972247,0.205806,210,0,2,512,16,530
Wide: Vocab Projection,Projection,Wide,128,32768,4096,OS,1,8.97917,296.434,8.10561,1.00146,0,0.998047,4758,175764,2,512,16,530
Wide: Vocab Projection,Projection,Wide,128,32768,4096,OS,2,8.97728,295.931,8.10561,1.00146,0.000836177,0.998047,4757,175581,2,512,16,530
Wide: Vocab Projection,Projection,Wide,128,32768,4096,OS,4,7.86248,0.509277,8.10561,1.00146,0.492486,0.999756,4167,89104,2,512,16,530
Wide: Vocab Projection,Projection,Wide,128,32768,4096,OS,16,7.86248,0.509277,8.10561,1.00146,0.492486,0.999756,4167,88849,2,512,16,530
Wide: Vocab Projection,Projection,Wide,128,32768,4096,OS,64,7.86248,0.509277,8.10561,1.00146,0.492486,0.999969,4167,87822,2,512,16,530
Wide: Vocab Projection,Projection,Wide,128,32768,4096,OS,256,0.397632,0.509277,0.404215,0.173035,0.972247,0.823223,210,0,2,512,16,530
Wide: Vocab Projection,Projection,Wide,128,32768,4096,OS,1024,0.397632,0.509277,0.404215,0.173035,0.972247,0.205806,210,0,2,512,16,530
Wide: Hidden→Vocab,Projection,Wide,256,50257,768,WS,1,4.77027,1.125,6.0037,1.12569,0.478931,0.996094,940,35057,0,147,49,196
Wide: Hidden→Vocab,Projection,Wide,256,50257,768,WS,2,4.77027,1.125,6.0037,1.12569,0.478931,0.999512,940,35021,0,147,49,196
Wide: Hidden→Vocab,Projection,Wide,256,50257,768,WS,4,4.77027,1.125,6.0037,1.12569,0.478931,0.998779,940,34948,0,147,49,196
Wide: Hidden→Vocab,Projection,Wide,256,50257,768,WS,16,0.772632,1.125,0.653149,1.12569,0.906711,1,152,5687,0,147,49,196
Wide: Hidden→Vocab,Projection,Wide,256,50257,768,WS,64,0.235966,1.125,0.214126,0.2879,0.971581,0.726578,46,0,0,147,49,196
Wide: Hidden→Vocab,Projection,Wide,256,50257,768,WS,256,0.235966,1.125,0.214126,0.2879,0.971581,0.181644,46,0,0,147,49,196
Wide: Hidden→Vocab,Projection,Wide,256,50257,768,WS,1024,0.235966,1.125,0.214126,0.2879,0.971581,0.0454111,46,0,0,147,49,196
Wide: Hidden→Vocab,Projection,Wide,256,50257,768,IS,1,1.03224,1.125,1.00062,1.12569,0.878931,1,203,8114,0,147,49,196
Wide: Hidden→Vocab,Projection,Wide,256,50257,768,IS,2,1.03224,1.125,1.00062,1.12569,0.878931,1,203,8078,0,147,49,196
Wide: Hidden→Vocab,Projection,Wide,256,50257,768,IS,4,1.03224,1.125,1.00062,1.12569,0.878931,1,203,8005,0,147,49,196
Wide: Hidden→Vocab,Projection,Wide,256,50257,768,IS,16,0.283281,1.125,0.277454,0.2879,0.966518,1,55,1659,0,147,49,196
Wide: Hidden→Vocab,Projection,Wide,256,50257,768,IS,64,0.235966,1.125,0.214126,0.2879,0.971581,0.726578,46,0,0,147,49,196
Wide: Hidden→Vocab,Projection,Wide,256,50257,768,IS,256,0.235966,1.125,0.214126,0.2879,0.971581,0.181644,46,0,0,147,49,196
Wide: Hidden→Vocab,Projection,Wide,256,50257,768,IS,1024,0.235966,1.125,0.214126,0.2879,0.971581,0.0454111,46,0,0,147,49,196
Wide: Hidden→Vocab,Projection,Wide,256,50257,768,OS,1,4.7668,1.125,5.99906,1.12569,0.479302,0.999023,939,35026,0,147,49,196
Wide: Hidden→Vocab,Projection,Wide,256,50257,768,OS,2,4.7668,1.125,5.99906,1.12569,0.479302,0.999023,939,34988,0,147,49,196
Wide: Hidden→Vocab,Projection,Wide,256,50257,768,OS,4,4.7668,1.125,5.99906,1.12569,0.479302,1,939,34914,0,147,49,196
Wide: Hidden→Vocab,Projection,Wide,256,50257,768,OS,16,4.7668,1.125,5.99906,1.12569,0.479302,0.999878,939,34466,0,147,49,196
Wide: Hidden→Vocab,Projection,Wide,256,50257,768,OS,64,0.235966,1.125,0.214126,0.2879,0.971581,0.726578,46,0,0,147,49,196
Wide: Hidden→Vocab,Projection,Wide,256,50257,768,OS,256,0.235966,1.125,0.214126,0.2879,0.971581,0.181644,46,0,0,147,49,196
Wide: Hidden→Vocab,Projection,Wide,256,50257,768,OS,1024,0.235966,1.125,0.214126,0.2879,0.971581,0.0454111,46,0,0,147,49,196
Wide: Embedding Lookup,Embedding,Wide,512,100000,1024,WS,1,7.6557,1.03125,11.0018,1.03141,0.484306,0.996094,4501,167130,2,390,195,587
Wide: Embedding Lookup,Embedding,Wide,512,100000,1024,WS,2,7.6557,1.03125,11.0018,1.03141,0.484306,0.999512,4501,167094,2,390,195,587
Wide: Embedding Lookup,Embedding,Wide,512,100000,1024,WS,4,7.6557,1.03125,11.0018,1.03141,0.484306,0.998779,4501,167021,2,390,195,587
Wide: Embedding Lookup,Embedding,Wide,512,100000,1024,WS,16,7.6557,1.03125,11.0018,1.03141,0.484306,0.999939,4501,166582,2,390,195,587
Wide: Embedding Lookup,Embedding,Wide,512,100000,1024,WS,64,0.137579,1.03125,0.12971,0.144165,0.989505,1,80,807,2,390,195,587
Wide: Embedding Lookup,Embedding,Wide,512,100000,1024,WS,256,0.137579,1.03125,0.12971,0.144165,0.989505,0.315968,80,0,2,390,195,587
Wide: Embedding Lookup,Embedding,Wide,512,100000,1024,WS,1024,0.137579,1.03125,0.12971,0.144165,0.989505,0.0789919,80,0,2,390,195,587
Wide: Embedding Lookup,Embedding,Wide,512,100000,1024,IS,1,1.01065,1.03125,1.00016,1.03141,0.925077,1,594,24245,2,390,195,587
Wide: Embedding Lookup,Embedding,Wide,512,100000,1024,IS,2,1.01065,1.03125,1.00016,1.03141,0.925077,1,594,24208,2,390,195,587
Wide: Embedding Lookup,Embedding,Wide,512,100000,1024,IS,4,1.01065,1.03125,1.00016,1.03141,0.925077,1,594,24135,2,390,195,587
Wide: Embedding Lookup,Embedding,Wide,512,100000,1024,IS,16,0.715905,1.03125,1.00016,0.144165,0.951144,1,420,15246,2,390,195,587
Wide: Embedding Lookup,Embedding,Wide,512,100000,1024,IS,64,0.137579,1.03125,0.12971,0.144165,0.989505,1,80,803,2,390,195,587
Wide: Embedding Lookup,Embedding,Wide,512,100000,1024,IS,256,0.137579,1.03125,0.12971,0.144165,0.989505,0.315968,80,0,2,390,195,587
Wide: Embedding Lookup,Embedding,Wide,512,100000,1024,IS,1024,0.137579,1.03125,0.12971,0.144165,0.989505,0.0789919,80,0,2,390,195,587
Wide: Embedding Lookup,Embedding,Wide,512,100000,1024,OS,1,7.6557,1.03125,11.0018,1.03141,0.484306,0.998047,4501,167122,2,390,195,587
Wide: Embedding Lookup,Embedding,Wide,512,100000,1024,OS,2,7.6557,1.03125,11.0018,1.03141,0.484306,1,4501,167084,2,390,195,587
Wide: Embedding Lookup,Embedding,Wide,512,100000,1024,OS,4,7.6557,1.03125,11.0018,1.03141,0.484306,1,4501,167010,2,390,195,587
Wide: Embedding Lookup,Embedding,Wide,512,100000,1024,OS,16,7.6557,1.03125,11.0018,1.03141,0.484306,0.999939,4501,166565,2,390,195,587
Wide: Embedding Lookup,Embedding,Wide,512,100000,1024,OS,64,0.615564,1.03125,0.40551,1.03141,0.951283,0.999954,361,13247,2,390,195,587
Wide: Embedding Lookup,Embedding,Wide,512,100000,1024,OS,256,0.137579,1.03125,0.12971,0.144165,0.989505,0.315968,80,0,2,390,195,587
Wide: Embedding Lookup,Embedding,Wide,512,100000,1024,OS,1024,0.137579,1.03125,0.12971,0.144165,0.989505,0.0789919,80,0,2,390,195,587
Deep: MLP Up-projection,MLP,Deep,1024,1024,16384,WS,1,32.4688,1.0293,65.875,1,0.485054,1,4285,145503,64,64,4,132
Deep: MLP Up-projection,MLP,Deep,1024,1024,16384,WS,2,1.93075,1.0293,2.93652,0.261719,0.966542,1,254,9390,64,64,4,132
Deep: MLP Up-projection,MLP,Deep,1024,1024,16384,WS,4,1.00604,1.0293,1.0293,0.261719,0.980808,1,132,5292,64,64,4,132
Deep: MLP Up-projection,MLP,Deep,1024,1024,16384,WS,16,1.00604,1.0293,1.0293,0.261719,0.980808,1,132,4896,64,64,4,132
Deep: MLP Up-projection,MLP,Deep,1024,1024,16384,WS,64,0.759492,0.520798,1.0293,0.261719,0.984612,1,100,2235,64,64,4,132
Deep: MLP Up-projection,MLP,Deep,1024,1024,16384,WS,256,0.745961,0.492889,1.0293,0.261719,0.984821,0.384636,98,0,64,64,4,132
Deep: MLP Up-projection,MLP,Deep,1024,1024,16384,WS,1024,0.745961,0.492889,1.0293,0.261719,0.984821,0.096159,98,0,64,64,4,132
Deep: MLP Up-projection,MLP,Deep,1024,1024,16384,IS,1,32.4688,65.875,1.0293,1,0.485054,1,4285,145503,64,64,4,132
Deep: MLP Up-projection,MLP,Deep,1024,1024,16384,IS,2,1.95312,2.93652,1.0293,1,0.955842,1,257,12414,64,64,4,132
Deep: MLP Up-projection,MLP,Deep,1024,1024,16384,IS,4,1.00604,1.0293,1.0293,0.261719,0.980808,1,132,5292,64,64,4,132
Deep: MLP Up-projection,MLP,Deep,1024,1024,16384,IS,16,1.00604,1.0293,1.0293,0.261719,0.980808,1,132,4896,64,64,4,132
Deep: MLP Up-projection,MLP,Deep,1024,1024,16384,IS,64,0.745961,0.492889,1.0293,0.261719,0.984821,1,98,2176,64,64,4,132
Deep: MLP Up-projection,MLP,Deep,1024,1024,16384,IS,256,0.745961,0.492889,1.0293,0.261719,0.984821,0.384636,98,0,64,64,4,132
Deep: MLP Up-projection,MLP,Deep,1024,1024,16384,IS,1024,0.745961,0.492889,1.0293,0.261719,0.984821,0.096159,98,0,64,64,4,132
Deep: MLP Up-projection,MLP,Deep,1024,1024,16384,OS,1,63.9091,65.875,65.875,1,0,1,8436,282591,64,64,4,132
Deep: MLP Up-projection,MLP,Deep,1024,1024,16384,OS,2,63.649,65.3386,65.875,1,0.0040124,0.999512,8401,281424,64,64,4,132
Deep: MLP Up-projection,MLP,Deep,1024,1024,16384,OS,4,32.2087,0.492889,65.875,1,0.489067,0.999756,4251,144268,64,64,4,132
Deep: MLP Up-projection,MLP,Deep,1024,1024,16384,OS,16,32.2087,0.492889,65.875,1,0.489067,0.999939,4251,143860,64,64,4,132
Deep: MLP Up-projection,MLP,Deep,1024,1024,16384,OS,64,32.1863,0.492889,65.875,0.261719,0.499766,0.999969,4248,139205,64,64,4,132
Deep: MLP Up-projection,MLP,Deep,1024,1024,16384,OS,256,0.745961,0.492889,1.0293,0.261719,0.984821,0.384636,98,0,64,64,4,132
Deep: MLP Up-projection,MLP,Deep,1024,1024,16384,OS,1024,0.745961,0.492889,1.0293,0.261719,0.984821,0.096159,98,0,64,64,4,132
Deep: Extreme MLP,MLP,Deep,512,512,32768,WS,1,16.1278,1.01416,31.4853,0.515625,0.499175,1,2080,69201,64,64,1,129
Deep: Extreme MLP,MLP,Deep,512,512,32768,WS,2,1.0103,1.01416,1.01416,0.515625,0.965162,1,130,4750,64,64,1,129
Deep: Extreme MLP,MLP,Deep,512,512,32768,WS,4,1.0103,1.01416,1.01416,0.515625,0.965162,1,130,4684,64,64,1,129
Deep: Extreme MLP,MLP,Deep,512,512,32768,WS,16,1.0103,1.01416,1.01416,0.515625,0.965162,1,130,4288,64,64,1,129
Deep: Extreme MLP,MLP,Deep,512,512,32768,WS,64,0.63927,0.266312,1.01416,0.515625,0.976599,1,82,1121,64,64,1,129
Deep: Extreme MLP,MLP,Deep,512,512,32768,WS,256,0.63927,0.266312,1.01416,0.515625,0.976599,0.322132,82,0,64,64,1,129
Deep: Extreme MLP,MLP,Deep,512,512,32768,WS,1024,0.63927,0.266312,1.01416,0.515625,0.976599,0.080533,82,0,64,64,1,129
Deep: Extreme MLP,MLP,Deep,512,512,32768,IS,1,16.1315,31.4853,1.01416,1,0.495587,1,2080,69697,64,64,1,129
Deep: Extreme MLP,MLP,Deep,512,512,32768,IS,2,1.0103,1.01416,1.01416,0.515625,0.965162,1,130,4750,64,64,1,129
Deep: Extreme MLP,MLP,Deep,512,512,32768,IS,4,1.0103,1.01416,1.01416,0.515625,0.965162,1,130,4684,64,64,1,129
Deep: Extreme MLP,MLP,Deep,512,512,32768,IS,16,1.0103,1.01416,1.01416,0.515625,0.965162,1,130,4288,64,64,1,129
Deep: Extreme MLP,MLP,Deep,512,512,32768,IS,64,0.63927,0.266312,1.01416,0.515625,0.976599,1,82,1121,64,64,1,129
Deep: Extreme MLP,MLP,Deep,512,512,32768,IS,256,0.63927,0.266312,1.01416,0.515625,0.976599,0.322132,82,0,64,64,1,129
Deep: Extreme MLP,MLP,Deep,512,512,32768,IS,1024,0.63927,0.266312,1.01416,0.515625,0.976599,0.080533,82,0,64,64,1,129
Deep: Extreme MLP,MLP,Deep,512,512,32768,OS,1,32.2093,32.4531,32.4531,1,0,1,4155,138207,64,64,1,129
Deep: Extreme MLP,MLP,Deep,512,512,32768,OS,2,32.2093,32.4531,32.4531,1,0,0.999512,4155,138174,64,64,1,129
Deep: Extreme MLP,MLP,Deep,512,512,32768,OS,4,31.8383,31.7053,32.4531,1,0.0114366,0.999268,4107,136527,64,64,1,129
Deep: Extreme MLP,MLP,Deep,512,512,32768,OS,16,16.2407,0.266312,32.4531,1,0.492224,0.999451,2095,69661,64,64,1,129
Deep: Extreme MLP,MLP,Deep,512,512,32768,OS,64,16.2369,0.266312,32.4531,0.515625,0.495812,0.999969,2094,67556,64,64,1,129
Deep: Extreme MLP,MLP,Deep,512,512,32768,OS,256,0.63927,0.266312,1.01416,0.515625,0.976599,0.322132,82,0,64,64,1,129
Deep: Extreme MLP,MLP,Deep,512,512,32768,OS,1024,0.63927,0.266312,1.01416,0.515625,0.976599,0.080533,82,0,64,64,1,129
BERT Q×K^T (seq=512),Attention,Balanced,512,512,768,WS,1,1,1,1,1,0.823529,1,4,150,1,1,1,3
BERT Q×K^T (seq=512),Attention,Balanced,512,512,768,WS,2,1,1,1,1,0.823529,1,4,107,1,1,1,3
BERT Q×K^T (seq=512),Attention,Balanced,512,512,768,WS,4,1,1,1,1,0.823529,1,4,0,1,1,1,3
BERT Q×K^T (seq=512),Attention,Balanced,512,512,768,WS,16,1,1,1,1,0.823529,0.25,4,0,1,1,1,3
BERT Q×K^T (seq=512),Attention,Balanced,512,512,768,WS,64,1,1,1,1,0.823529,0.0625,4,0,1,1,1,3
BERT Q×K^T (seq=512),Attention,Balanced,512,512,768,WS,256,1,1,1,1,0.823529,0.015625,4,0,1,1,1,3
BERT Q×K^T (seq=512),Attention,Balanced,512,512,768,WS,1024,1,1,1,1,0.823529,0.00390625,4,0,1,1,1,3
BERT Q×K^T (seq=512),Attention,Balanced,512,512,768,IS,1,1,1,1,1,0.823529,1,4,150,1,1,1,3
BERT Q×K^T (seq=512),Attention,Balanced,512,512,768,IS,2,1,1,1,1,0.823529,1,4,107,1,1,1,3
BERT Q×K^T (seq=512),Attention,Balanced,512,512,768,IS,4,1,1,1,1,0.823529,1,4,0,1,1,1,3
BERT Q×K^T (seq=512),Attention,Balanced,512,512,768,IS,16,1,1,1,1,0.823529,0.25,4,0,1,1,1,3
BERT Q×K^T (seq=512),Attention,Balanced,512,512,768,IS,64,1,1,1,1,0.823529,0.0625,4,0,1,1,1,3
BERT Q×K^T (seq=512),Attention,Balanced,512,512,768,IS,256,1,1,1,1,0.823529,0.015625,4,0,1,1,1,3
BERT Q×K^T (seq=512),Attention,Balanced,512,512,768,IS,1024,1,1,1,1,0.823529,0.00390625,4,0,1,1,1,3
BERT Q×K^T (seq=512),Attention,Balanced,512,512,768,OS,1,3.625,1,8,1,0.411765,1,14,596,1,1,1,3
BERT Q×K^T (seq=512),Attention,Balanced,512,512,768,OS,2,1,1,1,1,0.823529,1,4,104,1,1,1,3
BERT Q×K^T (seq=512),Attention,Balanced,512,512,768,OS,4,1,1,1,1,0.823529,1,4,0,1,1,1,3
BERT Q×K^T (seq=512),Attention,Balanced,512,512,768,OS,16,1,1,1,1,0.823529,0.25,4,0,1,1,1,3
BERT Q×K^T (seq=512),Attention,Balanced,512,512,768,OS,64,1,1,1,1,0.823529,0.0625,4,0,1,1,1,3
BERT Q×K^T (seq=512),Attention,Balanced,512,512,768,OS,256,1,1,1,1,0.823529,0.015625,4,0,1,1,1,3
BERT Q×K^T (seq=512),Attention,Balanced,512,512,768,OS,1024,1,1,1,1,0.823529,0.00390625,4,0,1,1,1,3
BERT Q×K^T (seq=4096),Attention,Tall-ish,4096,4096,768,WS,1,1.22035,1.00781,2.52441,1.01569,0.93967,0.996094,107,5381,12,12,64,88
BERT Q×K^T (seq=4096),Attention,Tall-ish,4096,4096,768,WS,2,1.22035,1.00781,2.52441,1.01569,0.93967,0.996094,107,5296,12,12,64,88
BERT Q×K^T (seq=4096),Attention,Tall-ish,4096,4096,768,WS,4,0.979847,1.00781,0.760742,1.01569,0.959603,0.999023,86,3319,12,12,64,88
BERT Q×K^T (seq=4096),Attention,Tall-ish,4096,4096,768,WS,16,0.979847,1.00781,0.760742,1.01569,0.959603,0.999756,86,2295,12,12,64,88
BERT Q×K^T (seq=4096),Attention,Tall-ish,4096,4096,768,WS,64,0.979847,1.00781,0.760742,1.01569,0.959603,0.999939,86,642,12,12,64,88
BERT Q×K^T (seq=4096),Attention,Tall-ish,4096,4096,768,WS,256,0.979847,1.00781,0.760742,1.01569,0.959603,0.336823,86,0,12,12,64,88
BERT Q×K^T (seq=4096),Attention,Tall-ish,4096,4096,768,WS,1024,0.979847,1.00781,0.760742,1.01569,0.959603,0.0842056,86,0,12,12,64,88
BERT Q×K^T (seq=4096),Attention,Tall-ish,4096,4096,768,IS,1,1.24805,2.77148,0.963867,1.01569,0.937374,0.996094,109,5589,12,12,64,88
BERT Q×K^T (seq=4096),Attention,Tall-ish,4096,4096,768,IS,2,1.22168,2.77148,0.770508,1.01569,0.939559,0.996094,107,5306,12,12,64,88
BERT Q×K^T (seq=4096),Attention,Tall-ish,4096,4096,768,IS,4,0.981046,1.00781,0.769531,1.01569,0.959504,0.999023,86,3328,12,12,64,88
BERT Q×K^T (seq=4096),Attention,Tall-ish,4096,4096,768,IS,16,0.979847,1.00781,0.760742,1.01569,0.959603,0.999756,86,2295,12,12,64,88
BERT Q×K^T (seq=4096),Attention,Tall-ish,4096,4096,768,IS,64,0.979847,1.00781,0.760742,1.01569,0.959603,0.999939,86,642,12,12,64,88
BERT Q×K^T (seq=4096),Attention,Tall-ish,4096,4096,768,IS,256,0.979847,1.00781,0.760742,1.01569,0.959603,0.336823,86,0,12,12,64,88
BERT Q×K^T (seq=4096),Attention,Tall-ish,4096,4096,768,IS,1024,0.979847,1.00781,0.760742,1.01569,0.959603,0.0842056,86,0,12,12,64,88
BERT Q×K^T (seq=4096),Attention,Tall-ish,4096,4096,768,OS,1,6.78556,1.00781,43.3359,1.01569,0.478405,0.996094,597,47176,12,12,64,88
BERT Q×K^T (seq=4096),Attention,Tall-ish,4096,4096,768,OS,2,6.78556,1.00781,43.3359,1.01569,0.478405,0.996094,597,47097,12,12,64,88
BERT Q×K^T (seq=4096),Attention,Tall-ish,4096,4096,768,OS,4,6.57861,1.00781,41.8184,1.01569,0.495557,0.999023,578,45384,12,12,64,88
BERT Q×K^T (seq=4096),Attention,Tall-ish,4096,4096,768,OS,16,0.979847,1.00781,0.760742,1.01569,0.959603,0.999756,86,2622,12,12,64,88
BERT Q×K^T (seq=4096),Attention,Tall-ish,4096,4096,768,OS,64,0.979847,1.00781,0.760742,1.01569,0.959603,0.999939,86,825,12,12,64,88
BERT Q×K^T (seq=4096),Attention,Tall-ish,4096,4096,768,OS,256,0.979847,1.00781,0.760742,1.01569,0.959603,0.336823,86,0,12,12,64,88
BERT Q×K^T (seq=4096),Attention,Tall-ish,4096,4096,768,OS,1024,0.979847,1.00781,0.760742,1.01569,0.959603,0.0842056,86,0,12,12,64,88
BERT MLP,MLP,Deep-ish,512,768,3072,WS,1,1.0142,1.01562,1.01562,1,0.912809,1,16,870,6,9,1,16
BERT MLP,MLP,Deep-ish,512,768,3072,WS,2,1.0142,1.01562,1.01562,1,0.912809,1,16,836,6,9,1,16
BERT MLP,MLP,Deep-ish,512,768,3072,WS,4,1.0142,1.01562,1.01562,1,0.912809,1,16,768,6,9,1,16
BERT MLP,MLP,Deep-ish,512,768,3072,WS,16,1.0142,1.01562,1.01562,1,0.912809,1,16,150,6,9,1,16
BERT MLP,MLP,Deep-ish,512,768,3072,WS,64,1.0142,1.01562,1.01562,1,0.912809,0.261475,16,0,6,9,1,16
BERT MLP,MLP,Deep-ish,512,768,3072,WS,256,1.0142,1.01562,1.01562,1,0.912809,0.0653687,16,0,6,9,1,16
BERT MLP,MLP,Deep-ish,512,768,3072,WS,1024,1.0142,1.01562,1.01562,1,0.912809,0.0163422,16,0,6,9,1,16
BERT MLP,MLP,Deep-ish,512,768,3072,IS,1,1.0142,1.01562,1.01562,1,0.912809,1,16,870,6,9,1,16
BERT MLP,MLP,Deep-ish,512,768,3072,IS,2,1.0142,1.01562,1.01562,1,0.912809,1,16,836,6,9,1,16
BERT MLP,MLP,Deep-ish,512,768,3072,IS,4,1.0142,1.01562,1.01562,1,0.912809,1,16,768,6,9,1,16
BERT MLP,MLP,Deep-ish,512,768,3072,IS,16,1.0142,1.01562,1.01562,1,0.912809,1,16,136,6,9,1,16
BERT MLP,MLP,Deep-ish,512,768,3072,IS,64,1.0142,1.01562,1.01562,1,0.912809,0.261475,16,0,6,9,1,16
BERT MLP,MLP,Deep-ish,512,768,3072,IS,256,1.0142,1.01562,1.01562,1,0.912809,0.0653687,16,0,6,9,1,16
BERT MLP,MLP,Deep-ish,512,768,3072,IS,1024,1.0142,1.01562,1.01562,1,0.912809,0.0163422,16,0,6,9,1,16
BERT MLP,MLP,Deep-ish,512,768,3072,OS,1,9.32386,1.01562,16.25,1,0.46142,1,153,5549,6,9,1,16
BERT MLP,MLP,Deep-ish,512,768,3072,OS,2,9.32386,1.01562,16.25,1,0.46142,0.991211,153,5513,6,9,1,16
BERT MLP,MLP,Deep-ish,512,768,3072,OS,4,9.32386,1.01562,16.25,1,0.46142,0.998535,153,5440,6,9,1,16
BERT MLP,MLP,Deep-ish,512,768,3072,OS,16,1.0142,1.01562,1.01562,1,0.912809,1,16,67,6,9,1,16
BERT MLP,MLP,Deep-ish,512,768,3072,OS,64,1.0142,1.01562,1.01562,1,0.912809,0.261475,16,0,6,9,1,16
BERT MLP,MLP,Deep-ish,512,768,3072,OS,256,1.0142,1.01562,1.01562,1,0.912809,0.0653687,16,0,6,9,1,16
BERT MLP,MLP,Deep-ish,512,768,3072,OS,1024,1.0142,1.01562,1.01562,1,0.912809,0.0163422,16,0,6,9,1,16
GPT-2 Q×K^T,Attention,Square-ish,2048,2048,1536,WS,1,1.26001,1.01562,1.80908,1.03149,0.931953,0.996094,50,2922,12,12,16,40
GPT-2 Q×K^T,Attention,Square-ish,2048,2048,1536,WS,2,1.02197,1.01562,1.01562,1.03149,0.946746,0.998535,40,2204,12,12,16,40
GPT-2 Q×K^T,Attention,Square-ish,2048,2048,1536,WS,4,1.02197,1.01562,1.01562,1.03149,0.946746,0.999756,40,2067,12,12,16,40
GPT-2 Q×K^T,Attention,Square-ish,2048,2048,1536,WS,16,1.02197,1.01562,1.01562,1.03149,0.946746,0.999756,40,1248,12,12,16,40
GPT-2 Q×K^T,Attention,Square-ish,2048,2048,1536,WS,64,1.02197,1.01562,1.01562,1.03149,0.946746,0.638733,40,0,12,12,16,40
GPT-2 Q×K^T,Attention,Square-ish,2048,2048,1536,WS,256,1.02197,1.01562,1.01562,1.03149,0.946746,0.159683,40,0,12,12,16,40
GPT-2 Q×K^T,Attention,Square-ish,2048,2048,1536,WS,1024,1.02197,1.01562,1.01562,1.03149,0.946746,0.0399208,40,0,12,12,16,40
GPT-2 Q×K^T,Attention,Square-ish,2048,2048,1536,IS,1,1.26001,1.80908,1.01562,1.03149,0.931953,0.996094,50,2922,12,12,16,40
GPT-2 Q×K^T,Attention,Square-ish,2048,2048,1536,IS,2,1.02197,1.01562,1.01562,1.03149,0.946746,0.998535,40,2204,12,12,16,40
GPT-2 Q×K^T,Attention,Square-ish,2048,2048,1536,IS,4,1.02197,1.01562,1.01562,1.03149,0.946746,0.999756,40,2067,12,12,16,40
GPT-2 Q×K^T,Attention,Square-ish,2048,2048,1536,IS,16,1.02197,1.01562,1.01562,1.03149,0.946746,0.999756,40,1248,12,12,16,40
GPT-2 Q×K^T,Attention,Square-ish,2048,2048,1536,IS,64,1.02197,1.01562,1.01562,1.03149,0.946746,0.638733,40,0,12,12,16,40
GPT-2 Q×K^T,Attention,Square-ish,2048,2048,1536,IS,256,1.02197,1.01562,1.01562,1.03149,0.946746,0.159683,40,0,12,12,16,40
GPT-2 Q×K^T,Attention,Square-ish,2048,2048,1536,IS,1024,1.02197,1.01562,1.01562,1.03149,0.946746,0.0399208,40,0,12,12,16,40
GPT-2 Q×K^T,Attention,Square-ish,2048,2048,1536,OS,1,8.63916,1.01562,26.4062,1.03149,0.473373,0.991211,345,23073,12,12,16,40
GPT-2 Q×K^T,Attention,Square-ish,2048,2048,1536,OS,2,8.63916,1.01562,26.4062,1.03149,0.473373,0.998535,345,23006,12,12,16,40
GPT-2 Q×K^T,Attention,Square-ish,2048,2048,1536,OS,4,8.63916,1.01562,26.4062,1.03149,0.473373,0.999756,345,22872,12,12,16,40
GPT-2 Q×K^T,Attention,Square-ish,2048,2048,1536,OS,16,1.02197,1.01562,1.01562,1.03149,0.946746,0.999451,40,1301,12,12,16,40
GPT-2 Q×K^T,Attention,Square-ish,2048,2048,1536,OS,64,1.02197,1.01562,1.01562,1.03149,0.946746,0.638733,40,0,12,12,16,40
GPT-2 Q×K^T,Attention,Square-ish,2048,2048,1536,OS,256,1.02197,1.01562,1.01562,1.03149,0.946746,0.159683,40,0,12,12,16,40
GPT-2 Q×K^T,Attention,Square-ish,2048,2048,1536,OS,1024,1.02197,1.01562,1.01562,1.03149,0.946746,0.0399208,40,0,12,12,16,40
GPT-2 MLP,MLP,Deep,2048,1536,6144,WS,1,16.7982,1.01044,43.112,1.00781,0.482688,1,1612,75763,48,36,12,96
GPT-2 MLP,MLP,Deep,2048,1536,6144,WS,2,1.00717,1.01044,1.0026,1.00781,0.964181,1,96,5171,48,36,12,96
GPT-2 MLP,MLP,Deep,2048,1536,6144,WS,4,1.00717,1.01044,1.0026,1.00781,0.964181,1,96,5093,48,36,12,96
GPT-2 MLP,MLP,Deep,2048,1536,6144,WS,16,1.00717,1.01044,1.0026,1.00781,0.964181,1,96,4641,48,36,12,96
GPT-2 MLP,MLP,Deep,2048,1536,6144,WS,64,1.00717,1.01044,1.0026,1.00781,0.964181,1,96,2832,48,36,12,96
GPT-2 MLP,MLP,Deep,2048,1536,6144,WS,256,1.00717,1.01044,1.0026,1.00781,0.964181,0.377689,96,0,48,36,12,96
GPT-2 MLP,MLP,Deep,2048,1536,6144,WS,1024,1.00717,1.01044,1.0026,1.00781,0.964181,0.0944223,96,0,48,36,12,96
GPT-2 MLP,MLP,Deep,2048,1536,6144,IS,1,24.7524,48.501,1.0026,1.00781,0.481494,1,2376,75953,48,36,12,96
GPT-2 MLP,MLP,Deep,2048,1536,6144,IS,2,1.00717,1.01044,1.0026,1.00781,0.964181,1,96,5178,48,36,12,96
GPT-2 MLP,MLP,Deep,2048,1536,6144,IS,4,1.00717,1.01044,1.0026,1.00781,0.964181,1,96,5106,48,36,12,96
GPT-2 MLP,MLP,Deep,2048,1536,6144,IS,16,1.00717,1.01044,1.0026,1.00781,0.964181,1,96,4655,48,36,12,96
GPT-2 MLP,MLP,Deep,2048,1536,6144,IS,64,1.00717,1.01044,1.0026,1.00781,0.964181,1,96,2847,48,36,12,96
GPT-2 MLP,MLP,Deep,2048,1536,6144,IS,256,1.00717,1.01044,1.0026,1.00781,0.964181,0.377689,96,0,48,36,12,96
GPT-2 MLP,MLP,Deep,2048,1536,6144,IS,1024,1.00717,1.01044,1.0026,1.00781,0.964181,0.0944223,96,0,48,36,12,96
GPT-2 MLP,MLP,Deep,2048,1536,6144,OS,1,40.5435,48.501,43.112,1.00781,0,0.999023,3892,146507,48,36,12,96
GPT-2 MLP,MLP,Deep,2048,1536,6144,OS,2,16.7982,1.01044,43.112,1.00781,0.482688,0.999512,1612,75733,48,36,12,96
GPT-2 MLP,MLP,Deep,2048,1536,6144,OS,4,16.7982,1.01044,43.112,1.00781,0.482688,0.999512,1612,75639,48,36,12,96
GPT-2 MLP,MLP,Deep,2048,1536,6144,OS,16,16.7982,1.01044,43.112,1.00781,0.482688,0.999939,1612,75068,48,36,12,96
GPT-2 MLP,MLP,Deep,2048,1536,6144,OS,64,1.00717,1.01044,1.0026,1.00781,0.964181,0.999939,96,1957,48,36,12,96
GPT-2 MLP,MLP,Deep,2048,1536,6144,OS,256,1.00717,1.01044,1.0026,1.00781,0.964181,0.377689,96,0,48,36,12,96
GPT-2 MLP,MLP,Deep,2048,1536,6144,OS,1024,1.00717,1.01044,1.0026,1.00781,0.964181,0.0944223,96,0,48,36,12,96
GPT-3 Q×K^T,Attention,Deep-ish,2048,2048,12288,WS,1,30.5457,1.01562,65,1,0.4875,1,6353,220382,96,96,16,208
GPT-3 Q×K^T,Attention,Deep-ish,2048,2048,12288,WS,2,1.54447,1.01562,2.24609,0.507812,0.970313,1,321,12700,96,96,16,208
GPT-3 Q×K^T,Attention,Deep-ish,2048,2048,12288,WS,4,0.976562,1.01562,1.01562,0.507812,0.979688,1,203,8600,96,96,16,208
GPT-3 Q×K^T,Attention,Deep-ish,2048,2048,12288,WS,16,0.976562,1.01562,1.01562,0.507812,0.979688,1,203,8190,96,96,16,208
GPT-3 Q×K^T,Attention,Deep-ish,2048,2048,12288,WS,64,0.976562,1.01562,1.01562,0.507812,0.979688,1,203,6552,96,96,16,208
GPT-3 Q×K^T,Attention,Deep-ish,2048,2048,12288,WS,256,0.799091,0.631104,1.01562,0.507812,0.982617,0.649261,166,0,96,96,16,208
GPT-3 Q×K^T,Attention,Deep-ish,2048,2048,12288,WS,1024,0.799091,0.631104,1.01562,0.507812,0.982617,0.162315,166,0,96,96,16,208
GPT-3 Q×K^T,Attention,Deep-ish,2048,2048,12288,IS,1,30.5457,65,1.01562,1,0.4875,1,6353,220382,96,96,16,208
GPT-3 Q×K^T,Attention,Deep-ish,2048,2048,12288,IS,2,1.58233,2.24609,1.01562,1,0.965625,1,329,14716,96,96,16,208
GPT-3 Q×K^T,Attention,Deep-ish,2048,2048,12288,IS,4,1.01442,1.01562,1.01562,1,0.975,1,211,10616,96,96,16,208
GPT-3 Q×K^T,Attention,Deep-ish,2048,2048,12288,IS,16,0.976562,1.01562,1.01562,0.507812,0.979688,1,203,8190,96,96,16,208
GPT-3 Q×K^T,Attention,Deep-ish,2048,2048,12288,IS,64,0.976562,1.01562,1.01562,0.507812,0.979688,1,203,6552,96,96,16,208
GPT-3 Q×K^T,Attention,Deep-ish,2048,2048,12288,IS,256,0.799091,0.631104,1.01562,0.507812,0.982617,0.649261,166,0,96,96,16,208
GPT-3 Q×K^T,Attention,Deep-ish,2048,2048,12288,IS,1024,0.799091,0.631104,1.01562,0.507812,0.982617,0.162315,166,0,96,96,16,208
GPT-3 Q×K^T,Attention,Deep-ish,2048,2048,12288,OS,1,60.0769,65,65,1,0,1,12496,430046,96,96,16,208
GPT-3 Q×K^T,Attention,Deep-ish,2048,2048,12288,OS,2,59.8995,64.6155,65,1,0.00292969,0.998047,12459,428752,96,96,16,208
GPT-3 Q×K^T,Attention,Deep-ish,2048,2048,12288,OS,4,30.3682,0.631104,65,1,0.49043,0.998047,6316,219019,96,96,16,208
GPT-3 Q×K^T,Attention,Deep-ish,2048,2048,12288,OS,16,30.3682,0.631104,65,1,0.49043,0.999878,6316,218603,96,96,16,208
GPT-3 Q×K^T,Attention,Deep-ish,2048,2048,12288,OS,64,30.3303,0.631104,65,0.507812,0.495117,1,6308,214921,96,96,16,208
GPT-3 Q×K^T,Attention,Deep-ish,2048,2048,12288,OS,256,0.799091,0.631104,1.01562,0.507812,0.982617,0.649261,166,0,96,96,16,208
GPT-3 Q×K^T,Attention,Deep-ish,2048,2048,12288,OS,1024,0.799091,0.631104,1.01562,0.507812,0.982617,0.162315,166,0,96,96,16,208
GPT-3 MLP,MLP,Very Deep,2048,12288,49152,WS,1,106.38,1.0026,128.333,1,0.497084,1,296161,7638246,384,2304,96,2784
GPT-3 MLP,MLP,Very Deep,2048,12288,49152,WS,2,106.38,1.0026,128.333,1,0.497084,1,296161,7638221,384,2304,96,2784
GPT-3 MLP,MLP,Very Deep,2048,12288,49152,WS,4,106.242,1.0026,128.167,1,0.497729,1,295778,7628378,384,2304,96,2784
GPT-3 MLP,MLP,Very Deep,2048,12288,49152,WS,16,0.832334,1.0026,0.836589,0.0491536,0.995294,1,2317,71037,384,2304,96,2784
GPT-3 MLP,MLP,Very Deep,2048,12288,49152,WS,64,0.832334,1.0026,0.836589,0.0491536,0.995294,1,2317,69578,384,2304,96,2784
GPT-3 MLP,MLP,Very Deep,2048,12288,49152,WS,256,0.710194,0.117086,0.836589,0.0491536,0.99644,1,1977,46484,384,2304,96,2784
GPT-3 MLP,MLP,Very Deep,2048,12288,49152,WS,1024,0.70938,0.111186,0.836589,0.0491536,0.996448,1,1974,26677,384,2304,96,2784
GPT-3 MLP,MLP,Very Deep,2048,12288,49152,IS,1,53.9677,385,1.0026,1,0.494488,1,150246,7677646,384,2304,96,2784
GPT-3 MLP,MLP,Very Deep,2048,12288,49152,IS,2,53.9677,385,1.0026,1,0.494488,1,150246,7677595,384,2304,96,2784
GPT-3 MLP,MLP,Very Deep,2048,12288,49152,IS,4,1.00251,1.0026,1.0026,1,0.991572,1,2791,127834,384,2304,96,2784
GPT-3 MLP,MLP,Very Deep,2048,12288,49152,IS,16,0.832334,1.0026,0.836589,0.0491536,0.995294,1,2317,70999,384,2304,96,2784
GPT-3 MLP,MLP,Very Deep,2048,12288,49152,IS,64,0.832334,1.0026,0.836589,0.0491536,0.995294,1,2317,69540,384,2304,96,2784
GPT-3 MLP,MLP,Very Deep,2048,12288,49152,IS,256,0.70938,0.111186,0.836589,0.0491536,0.996448,1,1974,46368,384,2304,96,2784
GPT-3 MLP,MLP,Very Deep,2048,12288,49152,IS,1024,0.70938,0.111186,0.836589,0.0491536,0.996448,1,1974,26677,384,2304,96,2784
GPT-3 MLP,MLP,Very Deep,2048,12288,49152,OS,1,159.345,385,128.333,1,0,0.998047,443616,15187934,384,2304,96,2784
GPT-3 MLP,MLP,Very Deep,2048,12288,49152,OS,2,159.345,385,128.333,1,0,0.99707,443616,15187900,384,2304,96,2784
GPT-3 MLP,MLP,Very Deep,2048,12288,49152,OS,4,159.345,385,128.333,1,0,0.996582,443616,15187832,384,2304,96,2784
GPT-3 MLP,MLP,Very Deep,2048,12288,49152,OS,16,106.257,0.111186,128.333,1,0.498238,1,295818,7620258,384,2304,96,2784
GPT-3 MLP,MLP,Very Deep,2048,12288,49152,OS,64,106.257,0.111186,128.333,1,0.498238,0.999756,295818,7619022,384,2304,96,2784
GPT-3 MLP,MLP,Very Deep,2048,12288,49152,OS,256,106.257,0.111186,128.333,1,0.498238,1,295818,7614076,384,2304,96,2784
GPT-3 MLP,MLP,Very Deep,2048,12288,49152,OS,1024,88.8079,0.111186,107.249,1,0.580117,1,247241,6350711,384,2304,96,2784
LLaMA-2 7B Q×K^T,Attention,Square,4096,4096,4096,WS,1,22.1693,1.00781,64.5,1,0.48653,1,4256,182934,64,64,64,192
LLaMA-2 7B Q×K^T,Attention,Square,4096,4096,4096,WS,2,1.4974,1.00781,2.48438,1,0.961746,1,287,13547,64,64,64,192
LLaMA-2 7B Q×K^T,Attention,Square,4096,4096,4096,WS,4,1.00521,1.00781,1.00781,1,0.97306,1,193,9430,64,64,64,192
LLaMA-2 7B Q×K^T,Attention,Square,4096,4096,4096,WS,16,1.00521,1.00781,1.00781,1,0.97306,1,193,8918,64,64,64,192
LLaMA-2 7B Q×K^T,Attention,Square,4096,4096,4096,WS,64,1.00521,1.00781,1.00781,1,0.97306,1,193,6870,64,64,64,192
LLaMA-2 7B Q×K^T,Attention,Square,4096,4096,4096,WS,256,1.00521,1.00781,1.00781,1,0.97306,0.753906,193,0,64,64,64,192
LLaMA-2 7B Q×K^T,Attention,Square,4096,4096,4096,WS,1024,1.00521,1.00781,1.00781,1,0.97306,0.188477,193,0,64,64,64,192
LLaMA-2 7B Q×K^T,Attention,Square,4096,4096,4096,IS,1,22.1693,64.5,1.00781,1,0.48653,1,4256,182934,64,64,64,192
LLaMA-2 7B Q×K^T,Attention,Square,4096,4096,4096,IS,2,1.4974,2.48438,1.00781,1,0.961746,1,287,13547,64,64,64,192
LLaMA-2 7B Q×K^T,Attention,Square,4096,4096,4096,IS,4,1.00521,1.00781,1.00781,1,0.97306,1,193,9430,64,64,64,192
LLaMA-2 7B Q×K^T,Attention,Square,4096,4096,4096,IS,16,1.00521,1.00781,1.00781,1,0.97306,1,193,8918,64,64,64,192
LLaMA-2 7B Q×K^T,Attention,Square,4096,4096,4096,IS,64,1.00521,1.00781,1.00781,1,0.97306,1,193,6870,64,64,64,192
LLaMA-2 7B Q×K^T,Attention,Square,4096,4096,4096,IS,256,1.00521,1.00781,1.00781,1,0.97306,0.753906,193,0,64,64,64,192
LLaMA-2 7B Q×K^T,Attention,Square,4096,4096,4096,IS,1024,1.00521,1.00781,1.00781,1,0.97306,0.188477,193,0,64,64,64,192
LLaMA-2 7B Q×K^T,Attention,Square,4096,4096,4096,OS,1,43.3333,64.5,64.5,1,0,1,8320,356310,64,64,64,192
LLaMA-2 7B Q×K^T,Attention,Square,4096,4096,4096,OS,2,43.3333,64.5,64.5,1,0,0.996094,8320,356267,64,64,64,192
LLaMA-2 7B Q×K^T,Attention,Square,4096,4096,4096,OS,4,22.1693,1.00781,64.5,1,0.48653,1,4256,182805,64,64,64,192
LLaMA-2 7B Q×K^T,Attention,Square,4096,4096,4096,OS,16,22.1693,1.00781,64.5,1,0.48653,1,4256,182289,64,64,64,192
LLaMA-2 7B Q×K^T,Attention,Square,4096,4096,4096,OS,64,22.1693,1.00781,64.5,1,0.48653,1,4256,180225,64,64,64,192
LLaMA-2 7B Q×K^T,Attention,Square,4096,4096,4096,OS,256,1.00521,1.00781,1.00781,1,0.97306,0.753906,193,0,64,64,64,192
LLaMA-2 7B Q×K^T,Attention,Square,4096,4096,4096,OS,1024,1.00521,1.00781,1.00781,1,0.97306,0.188477,193,0,64,64,64,192
LLaMA-2 7B MLP,MLP,Deep,4096,4096,11008,WS,1,37.391,1.01514,87.3018,1.01569,0.490998,0.993164,15255,583473,172,172,64,408
LLaMA-2 7B MLP,MLP,Deep,4096,4096,11008,WS,2,37.3214,1.01514,87.3018,0.572113,0.493815,0.997559,15227,580205,172,172,64,408
LLaMA-2 7B MLP,MLP,Deep,4096,4096,11008,WS,4,0.945643,1.01514,1.01514,0.572113,0.984813,0.999756,385,17259,172,172,64,408
LLaMA-2 7B MLP,MLP,Deep,4096,4096,11008,WS,16,0.945643,1.01514,1.01514,0.572113,0.984813,0.999756,385,16804,172,172,64,408
LLaMA-2 7B MLP,MLP,Deep,4096,4096,11008,WS,64,0.945643,1.01514,1.01514,0.572113,0.984813,0.999893,385,14983,172,172,64,408
LLaMA-2 7B MLP,MLP,Deep,4096,4096,11008,WS,256,0.786341,0.637258,1.01514,0.572113,0.986963,0.999996,320,5236,172,172,64,408
LLaMA-2 7B MLP,MLP,Deep,4096,4096,11008,WS,1024,0.786341,0.637258,1.01514,0.572113,0.986963,0.313308,320,0,172,172,64,408
LLaMA-2 7B MLP,MLP,Deep,4096,4096,11008,IS,1,37.391,87.3018,1.01514,1.01569,0.490998,0.993164,15255,583473,172,172,64,408
LLaMA-2 7B MLP,MLP,Deep,4096,4096,11008,IS,2,37.391,87.3018,1.01514,1.01569,0.490998,0.997559,15255,583435,172,172,64,408
LLaMA-2 7B MLP,MLP,Deep,4096,4096,11008,IS,4,1.01522,1.01514,1.01514,1.01569,0.981995,0.999756,414,20489,172,172,64,408
LLaMA-2 7B MLP,MLP,Deep,4096,4096,11008,IS,16,1.01522,1.01514,1.01514,1.01569,0.981995,0.999756,414,20034,172,172,64,408
LLaMA-2 7B MLP,MLP,Deep,4096,4096,11008,IS,64,0.945643,1.01514,1.01514,0.572113,0.984813,0.999893,385,14983,172,172,64,408
LLaMA-2 7B MLP,MLP,Deep,4096,4096,11008,IS,256,0.786341,0.637258,1.01514,0.572113,0.986963,0.999996,320,5236,172,172,64,408
LLaMA-2 7B MLP,MLP,Deep,4096,4096,11008,IS,1024,0.786341,0.637258,1.01514,0.572113,0.986963,0.313308,320,0,172,172,64,408
LLaMA-2 7B MLP,MLP,Deep,4096,4096,11008,OS,1,73.7667,87.3018,87.3018,1.01569,0,0.984375,30096,1146343,172,172,64,408
LLaMA-2 7B MLP,MLP,Deep,4096,4096,11008,OS,2,73.6074,86.9239,87.3018,1.01569,0.00215025,0.993164,30031,1143840,172,172,64,408
LLaMA-2 7B MLP,MLP,Deep,4096,4096,11008,OS,4,73.6074,86.9239,87.3018,1.01569,0.00215025,0.997559,30031,1143764,172,172,64,408
LLaMA-2 7B MLP,MLP,Deep,4096,4096,11008,OS,16,37.2317,0.637258,87.3018,1.01569,0.493148,0.999207,15190,580435,172,172,64,408
LLaMA-2 7B MLP,MLP,Deep,4096,4096,11008,OS,64,37.2317,0.637258,87.3018,1.01569,0.493148,0.999893,15190,578598,172,172,64,408
LLaMA-2 7B MLP,MLP,Deep,4096,4096,11008,OS,256,0.786341,0.637258,1.01514,0.572113,0.986963,0.999996,320,3707,172,172,64,408
LLaMA-2 7B MLP,MLP,Deep,4096,4096,11008,OS,1024,0.786341,0.637258,1.01514,0.572113,0.986963,0.313308,320,0,172,172,64,408
LLaMA-2 7B Long Ctx,Attention,Tall-ish,16384,16384,4096,WS,1,29.3919,1.00195,171.334,1.00391,0.495142,0.996094,45146,3793892,256,256,1024,1536
LLaMA-2 7B Long Ctx,Attention,Tall-ish,16384,16384,4096,WS,2,29.2582,1.00195,170.532,1.00391,0.497474,0.996094,44940,3776283,256,256,1024,1536
LLaMA-2 7B Long Ctx,Attention,Tall-ish,16384,16384,4096,WS,4,0.799088,1.00195,1.52788,0.566174,0.990452,0.999023,1227,71415,256,256,1024,1536
LLaMA-2 7B Long Ctx,Attention,Tall-ish,16384,16384,4096,WS,16,0.576752,1.00195,0.193863,0.566174,0.994329,0.999756,885,41249,256,256,1024,1536
LLaMA-2 7B Long Ctx,Attention,Tall-ish,16384,16384,4096,WS,64,0.576752,1.00195,0.193863,0.566174,0.994329,0.999939,885,37153,256,256,1024,1536
LLaMA-2 7B Long Ctx,Attention,Tall-ish,16384,16384,4096,WS,256,0.536491,0.760391,0.193863,0.566174,0.995032,0.999985,824,16268,256,256,1024,1536
LLaMA-2 7B Long Ctx,Attention,Tall-ish,16384,16384,4096,WS,1024,0.535248,0.75293,0.193863,0.566174,0.995053,0.802872,822,0,256,256,1024,1536
LLaMA-2 7B Long Ctx,Attention,Tall-ish,16384,16384,4096,IS,1,29.3919,171.334,1.00195,1.00391,0.495142,0.996094,45146,3793892,256,256,1024,1536
LLaMA-2 7B Long Ctx,Attention,Tall-ish,16384,16384,4096,IS,2,29.3919,171.334,1.00195,1.00391,0.495142,0.996094,45146,3793807,256,256,1024,1536
LLaMA-2 7B Long Ctx,Attention,Tall-ish,16384,16384,4096,IS,4,1.22311,2.33267,0.990372,1.00391,0.986449,0.999023,1878,101493,256,256,1024,1536
LLaMA-2 7B Long Ctx,Attention,Tall-ish,16384,16384,4096,IS,16,0.869621,1.00195,0.200134,1.00391,0.992615,0.999756,1335,54136,256,256,1024,1536
LLaMA-2 7B Long Ctx,Attention,Tall-ish,16384,16384,4096,IS,64,0.86956,1.00195,0.199768,1.00391,0.992616,0.999939,1335,50032,256,256,1024,1536
LLaMA-2 7B Long Ctx,Attention,Tall-ish,16384,16384,4096,IS,256,0.827812,0.75293,0.198303,1.00391,0.993344,0.999985,1271,28972,256,256,1024,1536
LLaMA-2 7B Long Ctx,Attention,Tall-ish,16384,16384,4096,IS,1024,0.535248,0.75293,0.193863,0.566174,0.995053,0.802872,822,0,256,256,1024,1536
LLaMA-2 7B Long Ctx,Attention,Tall-ish,16384,16384,4096,OS,1,57.7391,171.085,171.334,1.00391,0.000723892,0.996094,88687,7509412,256,256,1024,1536
LLaMA-2 7B Long Ctx,Attention,Tall-ish,16384,16384,4096,OS,2,57.7391,171.085,171.334,1.00391,0.000723892,0.996094,88687,7509327,256,256,1024,1536
LLaMA-2 7B Long Ctx,Attention,Tall-ish,16384,16384,4096,OS,4,29.3504,0.75293,171.334,1.00391,0.495866,0.999023,45082,3788198,256,256,1024,1536
LLaMA-2 7B Long Ctx,Attention,Tall-ish,16384,16384,4096,OS,16,29.3504,0.75293,171.334,1.00391,0.495866,0.999756,45082,3787190,256,256,1024,1536
LLaMA-2 7B Long Ctx,Attention,Tall-ish,16384,16384,4096,OS,64,0.535248,0.75293,0.193863,0.566174,0.995053,0.999939,822,32317,256,256,1024,1536
LLaMA-2 7B Long Ctx,Attention,Tall-ish,16384,16384,4096,OS,256,0.535248,0.75293,0.193863,0.566174,0.995053,0.999985,822,24119,256,256,1024,1536
LLaMA-2 7B Long Ctx,Attention,Tall-ish,16384,16384,4096,OS,1024,0.535248,0.75293,0.193863,0.566174,0.995053,0.802872,822,0,256,256,1024,1536
LLaMA-2 70B Q×K^T,Attention,Square,8192,8192,8192,WS,1,43.5868,1.00781,128.753,1,0.494179,1,33474,1433672,256,256,256,768
LLaMA-2 70B Q×K^T,Attention,Square,8192,8192,8192,WS,2,43.5863,1.00781,128.751,1,0.494186,1,33474,1433611,256,256,256,768
LLaMA-2 70B Q×K^T,Attention,Square,8192,8192,8192,WS,4,1.25293,1.00781,2.24707,0.503906,0.984544,1,962,43638,256,256,256,768
LLaMA-2 70B Q×K^T,Attention,Square,8192,8192,8192,WS,16,0.756836,1.00781,0.758789,0.503906,0.99028,1,581,26870,256,256,256,768
LLaMA-2 70B Q×K^T,Attention,Square,8192,8192,8192,WS,64,0.756836,1.00781,0.758789,0.503906,0.99028,1,581,24822,256,256,256,768
LLaMA-2 70B Q×K^T,Attention,Square,8192,8192,8192,WS,256,0.756836,1.00781,0.758789,0.503906,0.99028,1,581,16630,256,256,256,768
LLaMA-2 70B Q×K^T,Attention,Square,8192,8192,8192,WS,1024,0.67157,0.752014,0.758789,0.503906,0.991265,0.503677,515,0,256,256,256,768
LLaMA-2 70B Q×K^T,Attention,Square,8192,8192,8192,IS,1,43.6693,129,1.00781,1,0.493226,1,33538,1436374,256,256,256,768
LLaMA-2 70B Q×K^T,Attention,Square,8192,8192,8192,IS,2,43.6693,129,1.00781,1,0.493226,1,33538,1436331,256,256,256,768
LLaMA-2 70B Q×K^T,Attention,Square,8192,8192,8192,IS,4,1.49614,2.49609,0.99234,1,0.980777,1,1149,54317,256,256,256,768
LLaMA-2 70B Q×K^T,Attention,Square,8192,8192,8192,IS,16,0.923024,1.00781,0.761261,1,0.987402,1,708,35025,256,256,256,768
LLaMA-2 70B Q×K^T,Attention,Square,8192,8192,8192,IS,64,0.922292,1.00781,0.759064,1,0.987411,1,708,32953,256,256,256,768
LLaMA-2 70B Q×K^T,Attention,Square,8192,8192,8192,IS,256,0.756836,1.00781,0.758789,0.503906,0.99028,1,581,16630,256,256,256,768
LLaMA-2 70B Q×K^T,Attention,Square,8192,8192,8192,IS,1024,0.67157,0.752014,0.758789,0.503906,0.991265,0.503677,515,0,256,256,256,768
LLaMA-2 70B Q×K^T,Attention,Square,8192,8192,8192,OS,1,86.3333,129,129,1,0,1,66304,2834390,256,256,256,768
LLaMA-2 70B Q×K^T,Attention,Square,8192,8192,8192,OS,2,86.2481,128.744,129,1,0.000985735,0.996094,66238,2831553,256,256,256,768
LLaMA-2 70B Q×K^T,Attention,Square,8192,8192,8192,OS,4,86.2481,128.744,129,1,0.000985735,1,66238,2831468,256,256,256,768
LLaMA-2 70B Q×K^T,Attention,Square,8192,8192,8192,OS,16,43.584,0.752014,129,1,0.494212,1,33472,1432938,256,256,256,768
LLaMA-2 70B Q×K^T,Attention,Square,8192,8192,8192,OS,64,43.584,0.752014,129,1,0.494212,1,33472,1430882,256,256,256,768
LLaMA-2 70B Q×K^T,Attention,Square,8192,8192,8192,OS,256,0.67157,0.752014,0.758789,0.503906,0.991265,1,515,13302,256,256,256,768
LLaMA-2 70B Q×K^T,Attention,Square,8192,8192,8192,OS,1024,0.67157,0.752014,0.758789,0.503906,0.991265,0.503677,515,0,256,256,256,768
LLaMA-2 70B MLP,MLP,Very Deep,8192,8192,28672,WS,1,113.037,1.00446,257.081,1,0.496101,1,231500,7958638,896,896,256,2048
LLaMA-2 70B MLP,MLP,Very Deep,8192,8192,28672,WS,2,113.037,1.00446,257.081,1,0.496101,1,231500,7958604,896,896,256,2048
LLaMA-2 70B MLP,MLP,Very Deep,8192,8192,28672,WS,4,113.037,1.00446,257.081,1,0.496101,1,231500,7958536,896,896,256,2048
LLaMA-2 70B MLP,MLP,Very Deep,8192,8192,28672,WS,16,0.867722,1.00446,0.942208,0.128418,0.995698,1,1777,67406,896,896,256,2048
LLaMA-2 70B MLP,MLP,Very Deep,8192,8192,28672,WS,64,0.867722,1.00446,0.942208,0.128418,0.995698,1,1777,65768,896,896,256,2048
LLaMA-2 70B MLP,MLP,Very Deep,8192,8192,28672,WS,256,0.867722,1.00446,0.942208,0.128418,0.995698,1,1777,59214,896,896,256,2048
LLaMA-2 70B MLP,MLP,Very Deep,8192,8192,28672,WS,1024,0.546715,0.270735,0.942208,0.128418,0.997118,1,1119,10560,896,896,256,2048
LLaMA-2 70B MLP,MLP,Very Deep,8192,8192,28672,IS,1,113.064,257.143,1.00446,1,0.49598,1,231556,7960542,896,896,256,2048
LLaMA-2 70B MLP,MLP,Very Deep,8192,8192,28672,IS,2,113.064,257.143,1.00446,1,0.49598,1,231556,7960508,896,896,256,2048
LLaMA-2 70B MLP,MLP,Very Deep,8192,8192,28672,IS,4,113.064,257.143,1.00446,1,0.49598,1,231556,7960440,896,896,256,2048
LLaMA-2 70B MLP,MLP,Very Deep,8192,8192,28672,IS,16,0.976884,1.00446,0.942699,1,0.99208,1,2000,124541,896,896,256,2048
LLaMA-2 70B MLP,MLP,Very Deep,8192,8192,28672,IS,64,0.867722,1.00446,0.942208,0.128418,0.995698,1,1777,65768,896,896,256,2048
LLaMA-2 70B MLP,MLP,Very Deep,8192,8192,28672,IS,256,0.867722,1.00446,0.942208,0.128418,0.995698,1,1777,59214,896,896,256,2048
LLaMA-2 70B MLP,MLP,Very Deep,8192,8192,28672,IS,1024,0.546715,0.270735,0.942208,0.128418,0.997118,1,1119,10560,896,896,256,2048
LLaMA-2 70B MLP,MLP,Very Deep,8192,8192,28672,OS,1,225.125,257.143,257.143,1,0,1,461056,15794142,896,896,256,2048
LLaMA-2 70B MLP,MLP,Very Deep,8192,8192,28672,OS,2,225.125,257.143,257.143,1,0,0.998047,461056,15794108,896,896,256,2048
LLaMA-2 70B MLP,MLP,Very Deep,8192,8192,28672,OS,4,225.125,257.143,257.143,1,0,0.99707,461056,15794040,896,896,256,2048
LLaMA-2 70B MLP,MLP,Very Deep,8192,8192,28672,OS,16,112.743,0.270735,257.143,1,0.497401,0.998901,230898,7937588,896,896,256,2048
LLaMA-2 70B MLP,MLP,Very Deep,8192,8192,28672,OS,64,105.798,0.270735,241.268,1,0.528142,1,216674,7450417,896,896,256,2048
LLaMA-2 70B MLP,MLP,Very Deep,8192,8192,28672,OS,256,105.798,0.270735,241.268,1,0.528142,1,216674,7443817,896,896,256,2048
LLaMA-2 70B MLP,MLP,Very Deep,8192,8192,28672,OS,1024,0.546715,0.270735,0.942208,0.128418,0.997118,1,1119,5772,896,896,256,2048
LLaMA-2 70B Long Ctx,Attention,Tall-ish,32768,32768,8192,WS,1,57.9476,1.00195,342.668,1.00391,0.497566,0.996094,356030,30147215,1024,1024,4096,6144
LLaMA-2 70B Long Ctx,Attention,Tall-ish,32768,32768,8192,WS,2,57.9476,1.00195,342.668,1.00391,0.497566,0.996094,356030,30147130,1024,1024,4096,6144
LLaMA-2 70B Long Ctx,Attention,Tall-ish,32768,32768,8192,WS,4,57.7974,1.00195,341.767,1.00391,0.498879,0.999023,355107,30068209,1024,1024,4096,6144
LLaMA-2 70B Long Ctx,Attention,Tall-ish,32768,32768,8192,WS,16,0.374434,1.00195,0.109005,0.283911,0.997831,0.999756,2300,128790,1024,1024,4096,6144
LLaMA-2 70B Long Ctx,Attention,Tall-ish,32768,32768,8192,WS,64,0.372482,1.00195,0.0972977,0.283911,0.997848,0.999939,2288,123671,1024,1024,4096,6144
LLaMA-2 70B Long Ctx,Attention,Tall-ish,32768,32768,8192,WS,256,0.372482,1.00195,0.0972977,0.283911,0.997848,0.999985,2288,107287,1024,1024,4096,6144
LLaMA-2 70B Long Ctx,Attention,Tall-ish,32768,32768,8192,WS,1024,0.268734,0.379463,0.0972977,0.283911,0.998754,0.999996,1651,17949,1024,1024,4096,6144
LLaMA-2 70B Long Ctx,Attention,Tall-ish,32768,32768,8192,IS,1,57.9476,342.668,1.00195,1.00391,0.497566,0.996094,356030,30147215,1024,1024,4096,6144
LLaMA-2 70B Long Ctx,Attention,Tall-ish,32768,32768,8192,IS,2,57.9476,342.668,1.00195,1.00391,0.497566,0.996094,356030,30147130,1024,1024,4096,6144
LLaMA-2 70B Long Ctx,Attention,Tall-ish,32768,32768,8192,IS,4,57.9476,342.668,1.00195,1.00391,0.497566,0.999023,356030,30146959,1024,1024,4096,6144
LLaMA-2 70B Long Ctx,Attention,Tall-ish,32768,32768,8192,IS,16,1.07551,2.33659,0.100834,1.00391,0.994501,0.999756,6607,328584,1024,1024,4096,6144
LLaMA-2 70B Long Ctx,Attention,Tall-ish,32768,32768,8192,IS,64,0.853064,1.00195,0.100788,1.00391,0.996445,0.999939,5241,207862,1024,1024,4096,6144
LLaMA-2 70B Long Ctx,Attention,Tall-ish,32768,32768,8192,IS,256,0.853033,1.00195,0.100605,1.00391,0.996445,0.999985,5241,191462,1024,1024,4096,6144
LLaMA-2 70B Long Ctx,Attention,Tall-ish,32768,32768,8192,IS,1024,0.748846,0.377563,0.0998726,1.00391,0.997355,0.999996,4600,101915,1024,1024,4096,6144
LLaMA-2 70B Long Ctx,Attention,Tall-ish,32768,32768,8192,OS,1,114.892,342.668,342.668,1.00391,0,0.996094,705896,60002447,1024,1024,4096,6144
LLaMA-2 70B Long Ctx,Attention,Tall-ish,32768,32768,8192,OS,2,114.892,342.668,342.668,1.00391,0,0.996094,705896,60002362,1024,1024,4096,6144
LLaMA-2 70B Long Ctx,Attention,Tall-ish,32768,32768,8192,OS,4,114.788,342.044,342.668,1.00391,0.000909295,0.999023,705256,59947631,1024,1024,4096,6144
LLaMA-2 70B Long Ctx,Attention,Tall-ish,32768,32768,8192,OS,16,57.8435,0.377563,342.668,1.00391,0.498475,0.999756,355390,30091383,1024,1024,4096,6144
LLaMA-2 70B Long Ctx,Attention,Tall-ish,32768,32768,8192,OS,64,57.8435,0.377563,342.668,1.00391,0.498475,0.999939,355390,30087319,1024,1024,4096,6144
LLaMA-2 70B Long Ctx,Attention,Tall-ish,32768,32768,8192,OS,256,0.268417,0.377563,0.0972977,0.283911,0.998757,0.999985,1649,59404,1024,1024,4096,6144
LLaMA-2 70B Long Ctx,Attention,Tall-ish,32768,32768,8192,OS,1024,0.268417,0.377563,0.0972977,0.283911,0.998757,0.999996,1649,26659,1024,1024,4096,6144
Extreme Wide: 100k vocab,Projection,Extreme Wide,64,100000,512,WS,1,3.99899,1.09375,4.3757,1.00016,0.454036,0.998047,879,21431,0,195,24,219
Extreme Wide: 100k vocab,Projection,Extreme Wide,64,100000,512,WS,2,3.99899,1.09375,4.3757,1.00016,0.454036,0.998047,879,21410,0,195,24,219
Extreme Wide: 100k vocab,Projection,Extreme Wide,64,100000,512,WS,4,3.99899,1.09375,4.3757,1.00016,0.454036,0.999756,879,21368,0,195,24,219
Extreme Wide: 100k vocab,Projection,Extreme Wide,64,100000,512,WS,16,3.99899,1.09375,4.3757,1.00016,0.454036,0.999756,879,21117,0,195,24,219
Extreme Wide: 100k vocab,Projection,Extreme Wide,64,100000,512,WS,64,0.321755,1.09375,0.328545,0.26348,0.941413,0.999969,70,314,0,195,24,219
Extreme Wide: 100k vocab,Projection,Extreme Wide,64,100000,512,WS,256,0.321755,1.09375,0.328545,0.26348,0.941413,0.276321,70,0,0,195,24,219
Extreme Wide: 100k vocab,Projection,Extreme Wide,64,100000,512,WS,1024,0.321755,1.09375,0.328545,0.26348,0.941413,0.0690804,70,0,0,195,24,219
Extreme Wide: 100k vocab,Projection,Extreme Wide,64,100000,512,IS,1,1.08351,1.09375,1.09393,1.00016,0.794946,0.998047,238,8033,0,195,24,219
Extreme Wide: 100k vocab,Projection,Extreme Wide,64,100000,512,IS,2,1.00171,1.09375,1.09393,0.26348,0.861906,0.998047,220,5381,0,195,24,219
Extreme Wide: 100k vocab,Projection,Extreme Wide,64,100000,512,IS,4,1.00171,1.09375,1.09393,0.26348,0.861906,0.999756,220,5339,0,195,24,219
Extreme Wide: 100k vocab,Projection,Extreme Wide,64,100000,512,IS,16,1.00171,1.09375,1.09393,0.26348,0.861906,0.999756,220,5089,0,195,24,219
Extreme Wide: 100k vocab,Projection,Extreme Wide,64,100000,512,IS,64,0.321755,1.09375,0.328545,0.26348,0.941413,0.999969,70,314,0,195,24,219
Extreme Wide: 100k vocab,Projection,Extreme Wide,64,100000,512,IS,256,0.321755,1.09375,0.328545,0.26348,0.941413,0.276321,70,0,0,195,24,219
Extreme Wide: 100k vocab,Projection,Extreme Wide,64,100000,512,IS,1024,0.321755,1.09375,0.328545,0.26348,0.941413,0.0690804,70,0,0,195,24,219
Extreme Wide: 100k vocab,Projection,Extreme Wide,64,100000,512,OS,1,3.99899,1.09375,4.3757,1.00016,0.454036,0.998047,879,21425,0,195,24,219
Extreme Wide: 100k vocab,Projection,Extreme Wide,64,100000,512,OS,2,3.99899,1.09375,4.3757,1.00016,0.454036,0.998047,879,21400,0,195,24,219
Extreme Wide: 100k vocab,Projection,Extreme Wide,64,100000,512,OS,4,3.99899,1.09375,4.3757,1.00016,0.454036,0.999756,879,21351,0,195,24,219
Extreme Wide: 100k vocab,Projection,Extreme Wide,64,100000,512,OS,16,3.99899,1.09375,4.3757,1.00016,0.454036,0.999756,879,21059,0,195,24,219
Extreme Wide: 100k vocab,Projection,Extreme Wide,64,100000,512,OS,64,0.968374,1.09375,0.96432,1.00016,0.808409,0.999969,212,5521,0,195,24,219
Extreme Wide: 100k vocab,Projection,Extreme Wide,64,100000,512,OS,256,0.321755,1.09375,0.328545,0.26348,0.941413,0.276321,70,0,0,195,24,219
Extreme Wide: 100k vocab,Projection,Extreme Wide,64,100000,512,OS,1024,0.321755,1.09375,0.328545,0.26348,0.941413,0.0690804,70,0,0,195,24,219
Extreme Tall: 64k batch,Projection,Extreme Tall,65536,64,768,WS,1,1.02072,1.02233,1.02083,1.00146,0.81587,0.998047,212,6450,192,0,16,208
Extreme Tall: 64k batch,Projection,Extreme Tall,65536,64,768,WS,2,1.02072,1.02233,1.02083,1.00146,0.81587,0.998047,212,6429,192,0,16,208
Extreme Tall: 64k batch,Projection,Extreme Tall,65536,64,768,WS,4,1.02072,1.02233,1.02083,1.00146,0.81587,0.999756,212,6387,192,0,16,208
Extreme Tall: 64k batch,Projection,Extreme Tall,65536,64,768,WS,16,1.02072,1.02233,1.02083,1.00146,0.81587,0.999756,212,6137,192,0,16,208
Extreme Tall: 64k batch,Projection,Extreme Tall,65536,64,768,WS,64,1.02072,1.02233,1.02083,1.00146,0.81587,0.999969,212,5127,192,0,16,208
Extreme Tall: 64k batch,Projection,Extreme Tall,65536,64,768,WS,256,1.02072,1.02233,1.02083,1.00146,0.81587,0.830086,212,0,192,0,16,208
Extreme Tall: 64k batch,Projection,Extreme Tall,65536,64,768,WS,1024,1.02072,1.02233,1.02083,1.00146,0.81587,0.207521,212,0,192,0,16,208
Extreme Tall: 64k batch,Projection,Extreme Tall,65536,64,768,IS,1,3.84924,4.08931,1.02083,1.00146,0.46587,0.998047,801,18759,192,0,16,208
Extreme Tall: 64k batch,Projection,Extreme Tall,65536,64,768,IS,2,3.84924,4.08931,1.02083,1.00146,0.46587,0.998047,801,18738,192,0,16,208
Extreme Tall: 64k batch,Projection,Extreme Tall,65536,64,768,IS,4,3.84924,4.08931,1.02083,1.00146,0.46587,0.999756,801,18696,192,0,16,208
Extreme Tall: 64k batch,Projection,Extreme Tall,65536,64,768,IS,16,3.84924,4.08931,1.02083,1.00146,0.46587,0.999756,801,18445,192,0,16,208
Extreme Tall: 64k batch,Projection,Extreme Tall,65536,64,768,IS,64,1.02072,1.02233,1.02083,1.00146,0.81587,0.999969,212,5129,192,0,16,208
Extreme Tall: 64k batch,Projection,Extreme Tall,65536,64,768,IS,256,1.02072,1.02233,1.02083,1.00146,0.81587,0.830086,212,0,192,0,16,208
Extreme Tall: 64k batch,Projection,Extreme Tall,65536,64,768,IS,1024,1.02072,1.02233,1.02083,1.00146,0.81587,0.207521,212,0,192,0,16,208
Extreme Tall: 64k batch,Projection,Extreme Tall,65536,64,768,OS,1,1.02072,1.02233,1.02083,1.00146,0.81587,0.998047,212,6423,192,0,16,208
Extreme Tall: 64k batch,Projection,Extreme Tall,65536,64,768,OS,2,1.02072,1.02233,1.02083,1.00146,0.81587,0.998047,212,6392,192,0,16,208
Extreme Tall: 64k batch,Projection,Extreme Tall,65536,64,768,OS,4,1.02072,1.02233,1.02083,1.00146,0.81587,0.999756,212,6333,192,0,16,208
Extreme Tall: 64k batch,Projection,Extreme Tall,65536,64,768,OS,16,1.02072,1.02233,1.02083,1.00146,0.81587,0.999756,212,5969,192,0,16,208
Extreme Tall: 64k batch,Projection,Extreme Tall,65536,64,768,OS,64,1.02072,1.02233,1.02083,1.00146,0.81587,0.999969,212,4510,192,0,16,208
Extreme Tall: 64k batch,Projection,Extreme Tall,65536,64,768,OS,256,1.02072,1.02233,1.02083,1.00146,0.81587,0.830086,212,0,192,0,16,208
Extreme Tall: 64k batch,Projection,Extreme Tall,65536,64,768,OS,1024,1.02072,1.02233,1.02083,1.00146,0.81587,0.207521,212,0,192,0,16,208
Extreme Deep: 64k hidden,MLP,Extreme Deep,256,256,65536,WS,1,1.00658,1.00659,1.00659,1,0.933989,1,129,4479,64,64,0,128
Extreme Deep: 64k hidden,MLP,Extreme Deep,256,256,65536,WS,2,1.00658,1.00659,1.00659,1,0.933989,1,129,4446,64,64,0,128
Extreme Deep: 64k hidden,MLP,Extreme Deep,256,256,65536,WS,4,1.00658,1.00659,1.00659,1,0.933989,1,129,4380,64,64,0,128
Extreme Deep: 64k hidden,MLP,Extreme Deep,256,256,65536,WS,16,0.594907,0.181641,1.00659,1,0.959504,1,76,2240,64,64,0,128
Extreme Deep: 64k hidden,MLP,Extreme Deep,256,256,65536,WS,64,0.592311,0.176437,1.00659,1,0.959665,1,75,643,64,64,0,128
Extreme Deep: 64k hidden,MLP,Extreme Deep,256,256,65536,WS,256,0.592311,0.176437,1.00659,1,0.959665,0.296734,75,0,64,64,0,128
Extreme Deep: 64k hidden,MLP,Extreme Deep,256,256,65536,WS,1024,0.592311,0.176437,1.00659,1,0.959665,0.0741835,75,0,64,64,0,128
Extreme Deep: 64k hidden,MLP,Extreme Deep,256,256,65536,IS,1,1.00658,1.00659,1.00659,1,0.933989,1,129,4479,64,64,0,128
Extreme Deep: 64k hidden,MLP,Extreme Deep,256,256,65536,IS,2,1.00658,1.00659,1.00659,1,0.933989,1,129,4446,64,64,0,128
Extreme Deep: 64k hidden,MLP,Extreme Deep,256,256,65536,IS,4,1.00658,1.00659,1.00659,1,0.933989,1,129,4380,64,64,0,128
Extreme Deep: 64k hidden,MLP,Extreme Deep,256,256,65536,IS,16,0.592311,0.176437,1.00659,1,0.959665,1,75,2229,64,64,0,128
Extreme Deep: 64k hidden,MLP,Extreme Deep,256,256,65536,IS,64,0.592311,0.176437,1.00659,1,0.959665,1,75,643,64,64,0,128
Extreme Deep: 64k hidden,MLP,Extreme Deep,256,256,65536,IS,256,0.592311,0.176437,1.00659,1,0.959665,0.296734,75,0,64,64,0,128
Extreme Deep: 64k hidden,MLP,Extreme Deep,256,256,65536,IS,1024,0.592311,0.176437,1.00659,1,0.959665,0.0741835,75,0,64,64,0,128
Extreme Deep: 64k hidden,MLP,Extreme Deep,256,256,65536,OS,1,16.076,16.1055,16.1055,1,0,1,2061,68319,64,64,0,128
Extreme Deep: 64k hidden,MLP,Extreme Deep,256,256,65536,OS,2,16.076,16.1055,16.1055,1,0,0.999512,2061,68286,64,64,0,128
Extreme Deep: 64k hidden,MLP,Extreme Deep,256,256,65536,OS,4,16.076,16.1055,16.1055,1,0,0.999268,2061,68220,64,64,0,128
Extreme Deep: 64k hidden,MLP,Extreme Deep,256,256,65536,OS,16,8.12703,0.176437,16.1055,1,0.49267,0.999207,1042,34147,64,64,0,128
Extreme Deep: 64k hidden,MLP,Extreme Deep,256,256,65536,OS,64,8.12703,0.176437,16.1055,1,0.49267,0.999725,1042,32550,64,64,0,128
Extreme Deep: 64k hidden,MLP,Extreme Deep,256,256,65536,OS,256,0.592311,0.176437,1.00659,1,0.959665,0.296734,75,0,64,64,0,128
Extreme Deep: 64k hidden,MLP,Extreme Deep,256,256,65536,OS,1024,0.592311,0.176437,1.00659,1,0.959665,0.0741835,75,0,64,64,0,128
